,service_date,day_type,bus,rail_boardings,total_rides
6574,2019-01-01,U,248879,245852,494731
6575,2019-01-02,W,591006,573542,1164548
6576,2019-01-03,W,664442,627781,1292223
6577,2019-01-04,W,668812,628514,1297326
6578,2019-01-05,A,444434,348257,792691
6579,2019-01-06,U,318623,260556,579179
6580,2019-01-07,W,723023,662470,1385493
6581,2019-01-08,W,784085,701693,1485778
6582,2019-01-09,W,747949,685444,1433393
6583,2019-01-10,W,747850,690162,1438012
6584,2019-01-11,W,763718,679115,1442833
6585,2019-01-12,A,382464,325219,707683
6586,2019-01-13,U,301855,250222,552077
6587,2019-01-14,W,756590,705571,1462161
6588,2019-01-15,W,783113,720095,1503208
6589,2019-01-16,W,800537,728048,1528585
6590,2019-01-17,W,800348,734929,1535277
6591,2019-01-18,W,776640,700006,1476646
6592,2019-01-19,A,337080,312424,649504
6593,2019-01-20,U,271961,236744,508705
6594,2019-01-21,W,445534,401503,847037
6595,2019-01-22,W,757962,712125,1470087
6596,2019-01-23,W,764136,718899,1483035
6597,2019-01-24,W,745872,711300,1457172
6598,2019-01-25,W,568100,590674,1158774
6599,2019-01-26,A,343625,296063,639688
6600,2019-01-27,U,258884,221081,479965
6601,2019-01-28,W,668192,678810,1347002
6602,2019-01-29,W,581664,579917,1161581
6603,2019-01-30,W,124154,97917,222071
6604,2019-01-31,W,282336,243912,526248
6605,2019-02-01,W,683059,648091,1331150
6606,2019-02-02,A,435441,345650,781091
6607,2019-02-03,U,322488,250724,573212
6608,2019-02-04,W,808055,718764,1526819
6609,2019-02-05,W,808858,734181,1543039
6610,2019-02-06,W,799164,727769,1526933
6611,2019-02-07,W,789342,732351,1521693
6612,2019-02-08,W,710682,655823,1366505
6613,2019-02-09,A,423681,338847,762528
6614,2019-02-10,U,296809,251192,548001
6615,2019-02-11,W,779386,704667,1484053
6616,2019-02-12,W,741083,698387,1439470
6617,2019-02-13,W,795205,728764,1523969
6618,2019-02-14,W,824482,746611,1571093
6619,2019-02-15,W,754152,687932,1442084
6620,2019-02-16,A,438454,362613,801067
6621,2019-02-17,U,296482,256817,553299
6622,2019-02-18,W,555501,519409,1074910
6623,2019-02-19,W,812492,725195,1537687
6624,2019-02-20,W,779660,717172,1496832
6625,2019-02-21,W,813056,727504,1540560
6626,2019-02-22,W,798311,702988,1501299
6627,2019-02-23,A,406839,328179,735018
6628,2019-02-24,U,288368,240478,528846
6629,2019-02-25,W,762857,680844,1443701
6630,2019-02-26,W,773049,699462,1472511
6631,2019-02-27,W,797800,711827,1509627
6632,2019-02-28,W,783920,714700,1498620
6633,2019-03-01,W,812238,682969,1495207
6634,2019-03-02,A,454119,349392,803511
6635,2019-03-03,U,313539,252150,565689
6636,2019-03-04,W,699086,635353,1334439
6637,2019-03-05,W,761781,692945,1454726
6638,2019-03-06,W,790908,708876,1499784
6639,2019-03-07,W,790299,711428,1501727
6640,2019-03-08,W,781577,684186,1465763
6641,2019-03-09,A,409779,326686,736465
6642,2019-03-10,U,310427,250702,561129
6643,2019-03-11,W,784354,697758,1482112
6644,2019-03-12,W,816229,729476,1545705
6645,2019-03-13,W,785256,727150,1512406
6646,2019-03-14,W,777417,726502,1503919
6647,2019-03-15,W,769660,716230,1485890
6648,2019-03-16,A,468181,570703,1038884
6649,2019-03-17,U,337661,301294,638955
6650,2019-03-18,W,786322,711535,1497857
6651,2019-03-19,W,812217,727732,1539949
6652,2019-03-20,W,782960,712714,1495674
6653,2019-03-21,W,795501,719946,1515447
6654,2019-03-22,W,784281,695716,1479997
6655,2019-03-23,A,472376,386972,859348
6656,2019-03-24,U,312958,279989,592947
6657,2019-03-25,W,761448,666862,1428310
6658,2019-03-26,W,794453,688849,1483302
6659,2019-03-27,W,802407,693509,1495916
6660,2019-03-28,W,782670,692421,1475091
6661,2019-03-29,W,764086,667916,1432002
6662,2019-03-30,A,428233,346980,775213
6663,2019-03-31,U,324724,264228,588952
6664,2019-04-01,W,825150,707874,1533024
6665,2019-04-02,W,815370,727263,1542633
6666,2019-04-03,W,846418,744443,1590861
6667,2019-04-04,W,791393,735719,1527112
6668,2019-04-05,W,754962,710414,1465376
6669,2019-04-06,A,487323,414140,901463
6670,2019-04-07,U,331229,276992,608221
6671,2019-04-08,W,823032,754465,1577497
6672,2019-04-09,W,791556,747311,1538867
6673,2019-04-10,W,760548,731858,1492406
6674,2019-04-11,W,771911,746596,1518507
6675,2019-04-12,W,795077,731825,1526902
6676,2019-04-13,A,473087,417501,890588
6677,2019-04-14,U,240601,215007,455608
6678,2019-04-15,W,694149,679904,1374053
6679,2019-04-16,W,725056,709023,1434079
6680,2019-04-17,W,710771,699083,1409854
6681,2019-04-18,W,654819,675919,1330738
6682,2019-04-19,W,643329,619953,1263282
6683,2019-04-20,A,462233,372841,835074
6684,2019-04-21,U,330270,276935,607205
6685,2019-04-22,W,767623,692515,1460138
6686,2019-04-23,W,806358,747351,1553709
6687,2019-04-24,W,813407,759394,1572801
6688,2019-04-25,W,820219,770006,1590225
6689,2019-04-26,W,806103,731398,1537501
6690,2019-04-27,A,369056,319488,688544
6691,2019-04-28,U,338518,289270,627788
6692,2019-04-29,W,729815,673476,1403291
6693,2019-04-30,W,757497,707685,1465182
6694,2019-05-01,W,841583,729104,1570687
6695,2019-05-02,W,787163,728705,1515868
6696,2019-05-03,W,834369,750517,1584886
6697,2019-05-04,A,495436,437434,932870
6698,2019-05-05,U,402463,338727,741190
6699,2019-05-06,W,803622,724230,1527852
6700,2019-05-07,W,805130,738981,1544111
6701,2019-05-08,W,822516,755171,1577687
6702,2019-05-09,W,810976,751965,1562941
6703,2019-05-10,W,816268,749306,1565574
6704,2019-05-11,A,456362,407442,863804
6705,2019-05-12,U,336476,298999,635475
6706,2019-05-13,W,783657,704326,1487983
6707,2019-05-14,W,808863,722423,1531286
6708,2019-05-15,W,810290,724761,1535051
6709,2019-05-16,W,768250,714282,1482532
6710,2019-05-17,W,758399,691390,1449789
6711,2019-05-18,A,448115,388373,836488
6712,2019-05-19,U,332006,295929,627935
6713,2019-05-20,W,781061,721397,1502458
6714,2019-05-21,W,777647,723782,1501429
6715,2019-05-22,W,811376,756639,1568015
6716,2019-05-23,W,801697,766717,1568414
6717,2019-05-24,W,749827,681443,1431270
6718,2019-05-25,A,483109,426932,910041
6719,2019-05-26,U,349368,335435,684803
6720,2019-05-27,U,298987,256757,555744
6721,2019-05-28,W,769069,694292,1463361
6722,2019-05-29,W,791059,717681,1508740
6723,2019-05-30,W,792091,735508,1527599
6724,2019-05-31,W,817633,738322,1555955
6725,2019-06-01,A,473204,379044,852248
6726,2019-06-02,U,370049,319334,689383
6727,2019-06-03,W,814607,731571,1546178
6728,2019-06-04,W,797511,749759,1547270
6729,2019-06-05,W,817943,764911,1582854
6730,2019-06-06,W,819351,773638,1592989
6731,2019-06-07,W,797917,760907,1558824
6732,2019-06-08,A,517706,469189,986895
6733,2019-06-09,U,372952,329388,702340
6734,2019-06-10,W,787528,717811,1505339
6735,2019-06-11,W,812806,748133,1560939
6736,2019-06-12,W,768907,722333,1491240
6737,2019-06-13,W,784003,758006,1542009
6738,2019-06-14,W,786956,769162,1556118
6739,2019-06-15,A,447116,419997,867113
6740,2019-06-16,U,347416,319752,667168
6741,2019-06-17,W,739714,684609,1424323
6742,2019-06-18,W,783381,747919,1531300
6743,2019-06-19,W,762852,735207,1498059
6744,2019-06-20,W,754094,755009,1509103
6745,2019-06-21,W,741691,748258,1489949
6746,2019-06-22,A,485555,468890,954445
6747,2019-06-23,U,372216,314345,686561
6748,2019-06-24,W,713826,694599,1408425
6749,2019-06-25,W,790945,756023,1546968
6750,2019-06-26,W,778502,758880,1537382
6751,2019-06-27,W,763256,757999,1521255
6752,2019-06-28,W,742317,717591,1459908
6753,2019-06-29,A,507082,438017,945099
6754,2019-06-30,U,342891,473462,816353
6755,2019-07-01,W,751938,691817,1443755
6756,2019-07-02,W,732483,698347,1430830
6757,2019-07-03,W,761825,694945,1456770
6758,2019-07-04,U,386135,354474,740609
6759,2019-07-05,W,593204,492198,1085402
6760,2019-07-06,A,464539,390851,855390
6761,2019-07-07,U,365003,328344,693347
6762,2019-07-08,W,738529,696647,1435176
6763,2019-07-09,W,760765,733255,1494020
6764,2019-07-10,W,750223,735504,1485727
6765,2019-07-11,W,761712,767177,1528889
6766,2019-07-12,W,738700,777202,1515902
6767,2019-07-13,A,496000,471671,967671
6768,2019-07-14,U,386786,362994,749780
6769,2019-07-15,W,733408,723684,1457092
6770,2019-07-16,W,736299,746731,1483030
6771,2019-07-17,W,751727,751160,1502887
6772,2019-07-18,W,681127,699545,1380672
6773,2019-07-19,W,700392,721558,1421950
6774,2019-07-20,A,466646,419897,886543
6775,2019-07-21,U,360488,342739,703227
6776,2019-07-22,W,733191,716299,1449490
6777,2019-07-23,W,754783,731712,1486495
6778,2019-07-24,W,754694,737880,1492574
6779,2019-07-25,W,746240,746890,1493130
6780,2019-07-26,W,728460,713766,1442226
6781,2019-07-27,A,509542,417935,927477
6782,2019-07-28,U,399059,314226,713285
6783,2019-07-29,W,677033,663313,1340346
6784,2019-07-30,W,744356,721545,1465901
6785,2019-07-31,W,738630,739592,1478222
6786,2019-08-01,W,763703,795333,1559036
6787,2019-08-02,W,740366,804952,1545318
6788,2019-08-03,A,497883,512548,1010431
6789,2019-08-04,U,375863,416740,792603
6790,2019-08-05,W,727517,724021,1451538
6791,2019-08-06,W,737702,738151,1475853
6792,2019-08-07,W,745371,746207,1491578
6793,2019-08-08,W,746213,735310,1481523
6794,2019-08-09,W,720081,716084,1436165
6795,2019-08-10,A,490001,428555,918556
6796,2019-08-11,U,376464,321310,697774
6797,2019-08-12,W,672626,659442,1332068
6798,2019-08-13,W,715539,697693,1413232
6799,2019-08-14,W,708180,698339,1406519
6800,2019-08-15,W,723069,703513,1426582
6801,2019-08-16,W,699501,675393,1374894
6802,2019-08-17,A,456968,396155,853123
6803,2019-08-18,U,330848,289890,620738
6804,2019-08-19,W,697759,669727,1367486
6805,2019-08-20,W,670195,689224,1359419
6806,2019-08-21,W,732929,724089,1457018
6807,2019-08-22,W,739175,741995,1481170
6808,2019-08-23,W,720876,723775,1444651
6809,2019-08-24,A,499355,424284,923639
6810,2019-08-25,U,395847,327749,723596
6811,2019-08-26,W,693566,678343,1371909
6812,2019-08-27,W,776670,740341,1517011
6813,2019-08-28,W,772893,736506,1509399
6814,2019-08-29,W,769645,747141,1516786
6815,2019-08-30,W,761440,717490,1478930
6816,2019-08-31,A,482463,428658,911121
6817,2019-09-01,U,379610,357032,736642
6818,2019-09-02,U,374967,328376,703343
6819,2019-09-03,W,821674,738399,1560073
6820,2019-09-04,W,861286,762868,1624154
6821,2019-09-05,W,853186,800432,1653618
6822,2019-09-06,W,821645,744323,1565968
6823,2019-09-07,A,486423,420502,906925
6824,2019-09-08,U,344385,310823,655208
6825,2019-09-09,W,829266,737160,1566426
6826,2019-09-10,W,856513,769458,1625971
6827,2019-09-11,W,848169,777407,1625576
6828,2019-09-12,W,845028,795224,1640252
6829,2019-09-13,W,822197,800812,1623009
6830,2019-09-14,A,498571,487396,985967
6831,2019-09-15,U,353264,352467,705731
6832,2019-09-16,W,825739,777685,1603424
6833,2019-09-17,W,856186,797063,1653249
6834,2019-09-18,W,859904,807081,1666985
6835,2019-09-19,W,845624,816086,1661710
6836,2019-09-20,W,830757,803291,1634048
6837,2019-09-21,A,489155,440464,929619
6838,2019-09-22,U,338418,299658,638076
6839,2019-09-23,W,832762,766712,1599474
6840,2019-09-24,W,850825,780378,1631203
6841,2019-09-25,W,859089,781453,1640542
6842,2019-09-26,W,853333,791418,1644751
6843,2019-09-27,W,734962,699996,1434958
6844,2019-09-28,A,476234,401745,877979
6845,2019-09-29,U,358174,294350,652524
6846,2019-09-30,W,850333,738159,1588492
6847,2019-10-01,W,905477,772082,1677559
6848,2019-10-02,W,844694,765652,1610346
6849,2019-10-03,W,885919,781701,1667620
6850,2019-10-04,W,851906,740946,1592852
6851,2019-10-05,A,492689,388710,881399
6852,2019-10-06,U,403747,306647,710394
6853,2019-10-07,W,845146,748413,1593559
6854,2019-10-08,W,868009,773805,1641814
6855,2019-10-09,W,857532,766121,1623653
6856,2019-10-10,W,855556,803767,1659323
6857,2019-10-11,W,776609,762011,1538620
6858,2019-10-12,A,480048,470284,950332
6859,2019-10-13,U,319885,522816,842701
6860,2019-10-14,W,666607,698402,1365009
6861,2019-10-15,W,844826,788101,1632927
6862,2019-10-16,W,845543,782133,1627676
6863,2019-10-17,W,787285,790202,1577487
6864,2019-10-18,W,762811,778466,1541277
6865,2019-10-19,A,499700,467794,967494
6866,2019-10-20,U,377822,340156,717978
6867,2019-10-21,W,739027,727743,1466770
6868,2019-10-22,W,772142,750644,1522786
6869,2019-10-23,W,789783,791468,1581251
6870,2019-10-24,W,790853,766559,1557412
6871,2019-10-25,W,757907,729221,1487128
6872,2019-10-26,A,412819,356371,769190
6873,2019-10-27,U,390090,314740,704830
6874,2019-10-28,W,762580,729809,1492389
6875,2019-10-29,W,781400,752054,1533454
6876,2019-10-30,W,733054,721966,1455020
6877,2019-10-31,W,698934,693962,1392896
6878,2019-11-01,W,798542,719267,1517809
6879,2019-11-02,A,467877,381954,849831
6880,2019-11-03,U,356367,310621,666988
6881,2019-11-04,W,848867,749735,1598602
6882,2019-11-05,W,855055,769233,1624288
6883,2019-11-06,W,840399,762015,1602414
6884,2019-11-07,W,821063,768460,1589523
6885,2019-11-08,W,718820,702518,1421338
6886,2019-11-09,A,479816,386355,866171
6887,2019-11-10,U,353042,292170,645212
6888,2019-11-11,W,590714,604475,1195189
6889,2019-11-12,W,756604,724448,1481052
6890,2019-11-13,W,762247,729140,1491387
6891,2019-11-14,W,764328,745044,1509372
6892,2019-11-15,W,794430,732607,1527037
6893,2019-11-16,A,467987,398924,866911
6894,2019-11-17,U,340985,280372,621357
6895,2019-11-18,W,807951,731335,1539286
6896,2019-11-19,W,822152,755257,1577409
6897,2019-11-20,W,839934,756096,1596030
6898,2019-11-21,W,790016,752762,1542778
6899,2019-11-22,W,817445,782838,1600283
6900,2019-11-23,A,468337,443394,911731
6901,2019-11-24,U,358133,301849,659982
6902,2019-11-25,W,810928,721624,1532552
6903,2019-11-26,W,791651,707015,1498666
6904,2019-11-27,W,669245,576379,1245624
6905,2019-11-28,U,244233,186732,430965
6906,2019-11-29,W,480801,373012,853813
6907,2019-11-30,A,386439,302733,689172
6908,2019-12-01,U,315646,257317,572963
6909,2019-12-02,W,803894,702424,1506318
6910,2019-12-03,W,849440,732651,1582091
6911,2019-12-04,W,837738,739104,1576842
6912,2019-12-05,W,833516,761399,1594915
6913,2019-12-06,W,799551,729231,1528782
6914,2019-12-07,A,472207,404394,876601
6915,2019-12-08,U,347917,286023,633940
6916,2019-12-09,W,786431,690443,1476874
6917,2019-12-10,W,770888,697269,1468157
6918,2019-12-11,W,753922,692730,1446652
6919,2019-12-12,W,787393,716707,1504100
6920,2019-12-13,W,788504,704438,1492942
6921,2019-12-14,A,471203,367508,838711
6922,2019-12-15,U,348516,255659,604175
6923,2019-12-16,W,743694,648766,1392460
6924,2019-12-17,W,765207,678194,1443401
6925,2019-12-18,W,734493,658439,1392932
6926,2019-12-19,W,745959,664554,1410513
6927,2019-12-20,W,731997,640236,1372233
6928,2019-12-21,A,454167,356991,811158
6929,2019-12-22,U,350959,283094,634053
6930,2019-12-23,W,601685,501524,1103209
6931,2019-12-24,W,462098,310604,772702
6932,2019-12-25,U,200121,133009,333130
6933,2019-12-26,W,517911,402948,920859
6934,2019-12-27,W,552198,445835,998033
6935,2019-12-28,A,394869,298646,693515
6936,2019-12-29,U,315428,251105,566533
6937,2019-12-30,W,544713,480721,1025434
6938,2019-12-31,W,511289,431677,942966
6939,2020-01-01,U,267300,255759,523059
6940,2020-01-02,W,651421,565139,1216560
6941,2020-01-03,W,688165,578202,1266367
6942,2020-01-04,A,409243,306656,715899
6943,2020-01-05,U,314424,234155,548579
6944,2020-01-06,W,750349,659521,1409870
6945,2020-01-07,W,775765,677497,1453262
6946,2020-01-08,W,744261,665227,1409488
6947,2020-01-09,W,758063,679244,1437307
6948,2020-01-10,W,753866,654344,1408210
6949,2020-01-11,A,345787,281493,627280
6950,2020-01-12,U,294457,237736,532193
6951,2020-01-13,W,775861,699927,1475788
6952,2020-01-14,W,807239,720277,1527516
6953,2020-01-15,W,794821,720057,1514878
6954,2020-01-16,W,774375,715978,1490353
6955,2020-01-17,W,737073,687789,1424862
6956,2020-01-18,A,371460,319878,691338
6957,2020-01-19,U,256029,219005,475034
6958,2020-01-20,W,477995,410324,888319
6959,2020-01-21,W,789718,712386,1502104
6960,2020-01-22,W,794213,715399,1509612
6961,2020-01-23,W,768601,717469,1486070
6962,2020-01-24,W,745526,677320,1422846
6963,2020-01-25,A,408051,320905,728956
6964,2020-01-26,U,318824,241153,559977
6965,2020-01-27,W,790014,697371,1487385
6966,2020-01-28,W,802484,715500,1517984
6967,2020-01-29,W,793740,711177,1504917
6968,2020-01-30,W,787640,718793,1506433
6969,2020-01-31,W,735622,665472,1401094
6970,2020-02-01,A,449112,325925,775037
6971,2020-02-02,U,352056,253149,605205
6972,2020-02-03,W,816538,689308,1505846
6973,2020-02-04,W,806946,710072,1517018
6974,2020-02-05,W,802795,707772,1510567
6975,2020-02-06,W,761859,701795,1463654
6976,2020-02-07,W,778480,676805,1455285
6977,2020-02-08,A,456540,325289,781829
6978,2020-02-09,U,310705,223411,534116
6979,2020-02-10,W,799851,694168,1494019
6980,2020-02-11,W,819275,717350,1536625
6981,2020-02-12,W,785838,697300,1483138
6982,2020-02-13,W,746798,689019,1435817
6983,2020-02-14,W,674960,628729,1303689
6984,2020-02-15,A,408435,326795,735230
6985,2020-02-16,U,338343,267790,606133
6986,2020-02-17,W,567523,502927,1070450
6987,2020-02-18,W,815098,711305,1526403
6988,2020-02-19,W,804097,707598,1511695
6989,2020-02-20,W,778698,700575,1479273
6990,2020-02-21,W,782853,675973,1458826
6991,2020-02-22,A,463771,344117,807888
6992,2020-02-23,U,357784,260505,618289
6993,2020-02-24,W,789498,682036,1471534
6994,2020-02-25,W,781725,693749,1475474
6995,2020-02-26,W,756936,682501,1439437
6996,2020-02-27,W,778992,698886,1477878
6997,2020-02-28,W,786008,665937,1451945
6998,2020-02-29,A,458601,337983,796584
6999,2020-03-01,U,357257,267438,624695
7000,2020-03-02,W,785700,666046,1451746
7001,2020-03-03,W,834640,701777,1536417
7002,2020-03-04,W,815420,699192,1514612
7003,2020-03-05,W,803260,698732,1501992
7004,2020-03-06,W,767084,655010,1422094
7005,2020-03-07,A,455672,366530,822202
7006,2020-03-08,U,343291,269577,612868
7007,2020-03-09,W,736013,647602,1383615
7008,2020-03-10,W,787025,678996,1466021
7009,2020-03-11,W,767610,660739,1428349
7010,2020-03-12,W,737628,601682,1339310
7011,2020-03-13,W,674594,496474,1171068
7012,2020-03-14,A,347925,235841,583766
7013,2020-03-15,U,256591,166575,423166
7014,2020-03-16,W,493179,284844,778023
7015,2020-03-17,W,390091,217294,607385
7016,2020-03-18,W,320242,179316,499558
7017,2020-03-19,W,305501,163013,468514
7018,2020-03-20,W,303882,152797,456679
7019,2020-03-21,A,185406,86695,272101
7020,2020-03-22,U,113282,60490,173772
7021,2020-03-23,W,212121,103992,316113
7022,2020-03-24,W,220319,105312,325631
7023,2020-03-25,W,229414,106913,336327
7024,2020-03-26,W,211746,100860,312606
7025,2020-03-27,W,220715,102714,323429
7026,2020-03-28,A,144561,68572,213133
7027,2020-03-29,U,111188,57736,168924
7028,2020-03-30,W,208762,96996,305758
7029,2020-03-31,W,200537,94709,295246
7030,2020-04-01,W,235503,100042,335545
7031,2020-04-02,W,214222,95183,309405
7032,2020-04-03,W,240528,101015,341543
7033,2020-04-04,A,154302,65727,220029
7034,2020-04-05,U,118701,53173,171874
7035,2020-04-06,W,199323,89714,289037
7036,2020-04-07,W,202629,90824,293453
7037,2020-04-08,W,197789,88894,286683
7038,2020-04-09,W,189898,86725,276623
7039,2020-04-10,W,202934,85608,288542
7040,2020-04-11,A,161743,59808,221551
7041,2020-04-12,U,117907,46243,164150
7042,2020-04-13,W,199679,79074,278753
7043,2020-04-14,W,196277,79616,275893
7044,2020-04-15,W,199545,78844,278389
7045,2020-04-16,W,213862,79764,293626
7046,2020-04-17,W,205280,77935,283215
7047,2020-04-18,A,175887,58347,234234
7048,2020-04-19,U,135539,47512,183051
7049,2020-04-20,W,225938,79017,304955
7050,2020-04-21,W,219120,77886,297006
7051,2020-04-22,W,213080,77822,290902
7052,2020-04-23,W,214131,77918,292049
7053,2020-04-24,W,225498,78966,304464
7054,2020-04-25,A,156179,51764,207943
7055,2020-04-26,U,145023,47350,192373
7056,2020-04-27,W,230903,77830,308733
7057,2020-04-28,W,229831,79284,309115
7058,2020-04-29,W,205453,74942,280395
7059,2020-04-30,W,224948,79783,304731
7060,2020-05-01,W,272700,89139,361839
7061,2020-05-02,A,210617,59142,269759
7062,2020-05-03,U,155791,49160,204951
7063,2020-05-04,W,244960,79706,324666
7064,2020-05-05,W,224885,77485,302370
7065,2020-05-06,W,248434,82526,330960
7066,2020-05-07,W,247597,83941,331538
7067,2020-05-08,W,242402,82107,324509
7068,2020-05-09,A,206907,59372,266279
7069,2020-05-10,U,134047,43773,177820
7070,2020-05-11,W,236521,77650,314171
7071,2020-05-12,W,244938,81217,326155
7072,2020-05-13,W,259169,83529,342698
7073,2020-05-14,W,211894,76152,288046
7074,2020-05-15,W,261148,82454,343602
7075,2020-05-16,A,204433,60144,264577
7076,2020-05-17,U,119698,40451,160149
7077,2020-05-18,W,242568,80822,323390
7078,2020-05-19,W,228412,79752,308164
7079,2020-05-20,W,253916,85596,339512
7080,2020-05-21,W,244336,85164,329500
7081,2020-05-22,W,255894,86436,342330
7082,2020-05-23,A,198708,59164,257872
7083,2020-05-24,U,171095,53281,224376
7084,2020-05-25,U,170039,52921,222960
7085,2020-05-26,W,260758,84940,345698
7086,2020-05-27,W,258713,86518,345231
7087,2020-05-28,W,250675,86579,337254
7088,2020-05-29,W,265087,92565,357652
7089,2020-05-30,A,210004,69848,279852
7090,2020-05-31,U,86503,23544,110047
7091,2020-06-01,W,146931,27517,174448
7092,2020-06-02,W,154414,31544,185958
7093,2020-06-03,W,207502,68423,275925
7094,2020-06-04,W,236590,83605,320195
7095,2020-06-05,W,252137,90734,342871
7096,2020-06-06,A,184406,69622,254028
7097,2020-06-07,U,143697,53232,196929
7098,2020-06-08,W,263520,100516,364036
7099,2020-06-09,W,245154,98717,343871
7100,2020-06-10,W,258523,101685,360208
7101,2020-06-11,W,282597,110709,393306
7102,2020-06-12,W,276051,113656,389707
7103,2020-06-13,A,206386,81727,288113
7104,2020-06-14,U,165299,66384,231683
7105,2020-06-15,W,294517,111956,406473
7106,2020-06-16,W,301881,114566,416447
7107,2020-06-17,W,306380,117798,424178
7108,2020-06-18,W,305028,119506,424534
7109,2020-06-19,W,303502,125162,428664
7110,2020-06-20,A,221620,81634,303254
7111,2020-06-21,U,165913,70884,236797
7112,2020-06-22,W,260524,114622,375146
7113,2020-06-23,W,299680,131100,430780
7114,2020-06-24,W,286680,133015,419695
7115,2020-06-25,W,304522,139288,443810
7116,2020-06-26,W,275240,130402,405642
7117,2020-06-27,A,233358,106092,339450
7118,2020-06-28,U,171693,86966,258659
7119,2020-06-29,W,279383,133291,412674
7120,2020-06-30,W,298563,140782,439345
7121,2020-07-01,W,327984,148683,476667
7122,2020-07-02,W,320859,149071,469930
7123,2020-07-03,U,272940,127079,400019
7124,2020-07-04,A,188378,94601,282979
7125,2020-07-05,U,166998,84977,251975
7126,2020-07-06,W,301317,143054,444371
7127,2020-07-07,W,300508,147310,447818
7128,2020-07-08,W,301892,149845,451737
7129,2020-07-09,W,301260,149971,451231
7130,2020-07-10,W,312226,155529,467755
7131,2020-07-11,A,233152,112641,345793
7132,2020-07-12,U,174761,90382,265143
7133,2020-07-13,W,309700,149117,458817
7134,2020-07-14,W,312379,152758,465137
7135,2020-07-15,W,295648,147794,443442
7136,2020-07-16,W,306288,154912,461200
7137,2020-07-17,W,315882,161335,477217
7138,2020-07-18,A,219217,109549,328766
7139,2020-07-19,U,148461,80714,229175
7140,2020-07-20,W,307261,149404,456665
7141,2020-07-21,W,297659,148632,446291
7142,2020-07-22,W,306629,152652,459281
7143,2020-07-23,W,315401,156970,472371
7144,2020-07-24,W,318269,161024,479293
7145,2020-07-25,A,228619,116404,345023
7146,2020-07-26,U,163332,90069,253401
7147,2020-07-27,W,295579,144168,439747
7148,2020-07-28,W,314899,153221,468120
7149,2020-07-29,W,305332,152279,457611
7150,2020-07-30,W,307576,156312,463888
7151,2020-07-31,W,338021,164604,502625
7152,2020-08-01,A,235944,117414,353358
7153,2020-08-02,U,169536,89199,258735
7154,2020-08-03,W,324028,152552,476580
7155,2020-08-04,W,326128,157759,483887
7156,2020-08-05,W,319021,157695,476716
7157,2020-08-06,W,320751,159609,480360
7158,2020-08-07,W,326107,164886,490993
7159,2020-08-08,A,232723,118676,351399
7160,2020-08-09,U,175080,93832,268912
7161,2020-08-10,W,250672,96642,347314
7162,2020-08-11,W,309009,138581,447590
7163,2020-08-12,W,313739,146680,460419
7164,2020-08-13,W,313917,150941,464858
7165,2020-08-14,W,315311,155653,470964
7166,2020-08-15,A,215071,107720,322791
7167,2020-08-16,U,172492,89599,262091
7168,2020-08-17,W,304431,147684,452115
7169,2020-08-18,W,313038,155406,468444
7170,2020-08-19,W,317835,158653,476488
7171,2020-08-20,W,317199,160843,478042
7172,2020-08-21,W,322563,165104,487667
7173,2020-08-22,A,229626,119732,349358
7174,2020-08-23,U,167737,93123,260860
7175,2020-08-24,W,295919,152126,448045
7176,2020-08-25,W,306720,156020,462740
7177,2020-08-26,W,311882,158419,470301
7178,2020-08-27,W,307570,159603,467173
7179,2020-08-28,W,313712,163890,477602
7180,2020-08-29,A,228415,120335,348750
7181,2020-08-30,U,172100,96089,268189
7182,2020-08-31,W,312659,156093,468752
7183,2020-09-01,W,320186,157112,477298
7184,2020-09-02,W,335025,167989,503014
7185,2020-09-03,W,347516,172408,519924
7186,2020-09-04,W,339339,176834,516173
7187,2020-09-05,A,239660,134087,373747
7188,2020-09-06,U,161152,98132,259284
7189,2020-09-07,U,189391,104992,294383
7190,2020-09-08,W,288854,151558,440412
7191,2020-09-09,W,318510,162823,481333
7192,2020-09-10,W,320927,167696,488623
7193,2020-09-11,W,323815,172643,496458
7194,2020-09-12,A,213040,118325,331365
7195,2020-09-13,U,183881,104162,288043
7196,2020-09-14,W,314508,159479,473987
7197,2020-09-15,W,323465,166872,490337
7198,2020-09-16,W,323500,171467,494967
7199,2020-09-17,W,322703,171455,494158
7200,2020-09-18,W,329339,179021,508360
7201,2020-09-19,A,240028,135343,375371
7202,2020-09-20,U,175502,101785,277287
7203,2020-09-21,W,312717,160531,473248
7204,2020-09-22,W,324554,166852,491406
7205,2020-09-23,W,326416,169407,495823
7206,2020-09-24,W,321314,169953,491267
7207,2020-09-25,W,338121,180938,519059
7208,2020-09-26,A,239686,136388,376074
7209,2020-09-27,U,176943,102308,279251
7210,2020-09-28,W,299874,158980,458854
7211,2020-09-29,W,323062,167874,490936
7212,2020-09-30,W,320186,169305,489491
7213,2020-10-01,W,336911,173387,510298
7214,2020-10-02,W,349664,182413,532077
7215,2020-10-03,A,241921,133772,375693
7216,2020-10-04,U,179954,100387,280341
7217,2020-10-05,W,326242,164517,490759
7218,2020-10-06,W,332474,168456,500930
7219,2020-10-07,W,333595,171757,505352
7220,2020-10-08,W,334365,174469,508834
7221,2020-10-09,W,335842,183544,519386
7222,2020-10-10,A,248858,137846,386704
7223,2020-10-11,U,181194,103244,284438
7224,2020-10-12,W,271925,145635,417560
7225,2020-10-13,W,334145,170998,505143
7226,2020-10-14,W,334911,172419,507330
7227,2020-10-15,W,323424,172888,496312
7228,2020-10-16,W,324544,178507,503051
7229,2020-10-17,A,231563,134238,365801
7230,2020-10-18,U,150496,92227,242723
7231,2020-10-19,W,300842,158006,458848
7232,2020-10-20,W,310091,163811,473902
7233,2020-10-21,W,321256,167872,489128
7234,2020-10-22,W,318012,168824,486836
7235,2020-10-23,W,288787,166459,455246
7236,2020-10-24,A,239353,132006,371359
7237,2020-10-25,U,160807,94731,255538
7238,2020-10-26,W,294204,155238,449442
7239,2020-10-27,W,299100,158973,458073
7240,2020-10-28,W,318538,165838,484376
7241,2020-10-29,W,304342,165360,469702
7242,2020-10-30,W,334559,172445,507004
7243,2020-10-31,A,224885,120080,344965
7244,2020-11-01,U,149896,85934,235830
7245,2020-11-02,W,301558,154284,455842
7246,2020-11-03,W,317723,149741,467464
7247,2020-11-04,W,306904,151147,458051
7248,2020-11-05,W,311836,158434,470270
7249,2020-11-06,W,318896,167110,486006
7250,2020-11-07,A,226237,126890,353127
7251,2020-11-08,U,166538,94199,260737
7252,2020-11-09,W,308098,157126,465224
7253,2020-11-10,W,298502,153003,451505
7254,2020-11-11,W,286362,147595,433957
7255,2020-11-12,W,305497,158496,463993
7256,2020-11-13,W,305354,159535,464889
7257,2020-11-14,A,206691,104500,311191
7258,2020-11-15,U,136434,75619,212053
7259,2020-11-16,W,282290,140661,422951
7260,2020-11-17,W,279757,140971,420728
7261,2020-11-18,W,285245,143331,428576
7262,2020-11-19,W,292548,148286,440834
7263,2020-11-20,W,297292,149612,446904
7264,2020-11-21,A,206379,100672,307051
7265,2020-11-22,U,146562,74926,221488
7266,2020-11-23,W,283365,138635,422000
7267,2020-11-24,W,264500,135119,399619
7268,2020-11-25,W,267787,131704,399491
7269,2020-11-26,U,119470,56839,176309
7270,2020-11-27,W,221878,106692,328570
7271,2020-11-28,A,198860,97141,296001
7272,2020-11-29,U,145682,76276,221958
7273,2020-11-30,W,255801,130426,386227
7274,2020-12-01,W,290906,138364,429270
7275,2020-12-02,W,289930,137598,427528
7276,2020-12-03,W,301357,142080,443437
7277,2020-12-04,W,297160,144348,441508
7278,2020-12-05,A,206508,100869,307377
7279,2020-12-06,U,144322,74099,218421
7280,2020-12-07,W,272363,133537,405900
7281,2020-12-08,W,277139,137145,414284
7282,2020-12-09,W,293699,143390,437089
7283,2020-12-10,W,297368,144459,441827
7284,2020-12-11,W,277727,138386,416113
7285,2020-12-12,A,181545,92521,274066
7286,2020-12-13,U,150344,78380,228724
7287,2020-12-14,W,269583,135394,404977
7288,2020-12-15,W,273075,137120,410195
7289,2020-12-16,W,269375,138422,407797
7290,2020-12-17,W,273791,139375,413166
7291,2020-12-18,W,284841,144568,429409
7292,2020-12-19,A,201406,101970,303376
7293,2020-12-20,U,157805,80063,237868
7294,2020-12-21,W,280892,137696,418588
7295,2020-12-22,W,289292,140759,430051
7296,2020-12-23,W,283137,138325,421462
7297,2020-12-24,W,201261,92528,293789
7298,2020-12-25,U,80783,40861,121644
7299,2020-12-26,A,170294,81793,252087
7300,2020-12-27,U,139350,72363,211713
7301,2020-12-28,W,259552,125317,384869
7302,2020-12-29,W,253437,128558,381995
7303,2020-12-30,W,244219,126447,370666
7304,2020-12-31,W,254787,114338,369125
7305,2021-01-01,U,114115,62077,176192
7306,2021-01-02,A,186877,91034,277911
7307,2021-01-03,U,140440,72391,212831
7308,2021-01-04,W,282862,132124,414986
7309,2021-01-05,W,281724,134514,416238
7310,2021-01-06,W,278317,136069,414386
7311,2021-01-07,W,270340,135092,405432
7312,2021-01-08,W,272827,137181,410008
7313,2021-01-09,A,205370,101095,306465
7314,2021-01-10,U,145412,71867,217279
7315,2021-01-11,W,262355,129615,391970
7316,2021-01-12,W,277882,136866,414748
7317,2021-01-13,W,282529,140007,422536
7318,2021-01-14,W,275747,137634,413381
7319,2021-01-15,W,277928,139988,417916
7320,2021-01-16,A,193303,96530,289833
7321,2021-01-17,U,143923,72570,216493
7322,2021-01-18,W,227108,113727,340835
7323,2021-01-19,W,270497,137227,407724
7324,2021-01-20,W,257638,131313,388951
7325,2021-01-21,W,287899,144085,431984
7326,2021-01-22,W,264517,138811,403328
7327,2021-01-23,A,190988,96503,287491
7328,2021-01-24,U,141538,71996,213534
7329,2021-01-25,W,265782,135618,401400
7330,2021-01-26,W,233767,127803,361570
7331,2021-01-27,W,262570,138610,401180
7332,2021-01-28,W,265152,140259,405411
7333,2021-01-29,W,285439,148439,433878
7334,2021-01-30,A,192267,102119,294386
7335,2021-01-31,U,119669,75697,195366
7336,2021-02-01,W,285366,145356,430722
7337,2021-02-02,W,288369,146050,434419
7338,2021-02-03,W,315672,152303,467975
7339,2021-02-04,W,278515,147593,426108
7340,2021-02-05,W,250369,139613,389982
7341,2021-02-06,A,161437,89065,250502
7342,2021-02-07,U,110637,64459,175096
7343,2021-02-08,W,242899,128998,371897
7344,2021-02-09,W,260772,137064,397836
7345,2021-02-10,W,267271,141210,408481
7346,2021-02-11,W,269772,146284,416056
7347,2021-02-12,W,280767,149261,430028
7348,2021-02-13,A,186257,106030,292287
7349,2021-02-14,U,121070,73603,194673
7350,2021-02-15,W,196912,118258,315170
7351,2021-02-16,W,206197,114830,321027
7352,2021-02-17,W,278930,149828,428758
7353,2021-02-18,W,283168,155250,438418
7354,2021-02-19,W,287852,156832,444684
7355,2021-02-20,A,192157,112011,304168
7356,2021-02-21,U,146116,81211,227327
7357,2021-02-22,W,280331,146573,426904
7358,2021-02-23,W,308822,157020,465842
7359,2021-02-24,W,307300,156793,464093
7360,2021-02-25,W,300304,157867,458171
7361,2021-02-26,W,309217,164565,473782
7362,2021-02-27,A,232432,127246,359678
7363,2021-02-28,U,158200,87008,245208
7364,2021-03-01,W,309106,149826,458932
7365,2021-03-02,W,308998,156140,465138
7366,2021-03-03,W,333410,163566,496976
7367,2021-03-04,W,309302,159889,469191
7368,2021-03-05,W,317629,167771,485400
7369,2021-03-06,A,228890,124851,353741
7370,2021-03-07,U,173071,95906,268977
7371,2021-03-08,W,317267,159512,476779
7372,2021-03-09,W,327340,164868,492208
7373,2021-03-10,W,312074,161736,473810
7374,2021-03-11,W,318121,165057,483178
7375,2021-03-12,W,323199,172476,495675
7376,2021-03-13,A,247738,148004,395742
7377,2021-03-14,U,163299,97387,260686
7378,2021-03-15,W,265818,144990,410808
7379,2021-03-16,W,300583,158171,458754
7380,2021-03-17,W,310656,165207,475863
7381,2021-03-18,W,293346,160989,454335
7382,2021-03-19,W,330666,178106,508772
7383,2021-03-20,A,246067,141702,387769
7384,2021-03-21,U,187953,111138,299091
7385,2021-03-22,W,319333,164624,483957
7386,2021-03-23,W,303876,159635,463511
7387,2021-03-24,W,320929,168422,489351
7388,2021-03-25,W,316190,168278,484468
7389,2021-03-26,W,321386,175255,496641
7390,2021-03-27,A,235940,137705,373645
7391,2021-03-28,U,171037,101679,272716
7392,2021-03-29,W,316586,165113,481699
7393,2021-03-30,W,324218,170588,494806
7394,2021-03-31,W,313521,168955,482476
7395,2021-04-01,W,330414,178267,508681
7396,2021-04-02,W,329144,180602,509746
7397,2021-04-03,A,258780,150786,409566
7398,2021-04-04,U,178580,105039,283619
7399,2021-04-05,W,313426,166404,479830
7400,2021-04-06,W,338664,181795,520459
7401,2021-04-07,W,340512,181069,521581
7402,2021-04-08,W,302569,171140,473709
7403,2021-04-09,W,330542,186985,517527
7404,2021-04-10,A,212976,129831,342807
7405,2021-04-11,U,177686,105758,283444
7406,2021-04-12,W,326192,170290,496482
7407,2021-04-13,W,335197,179135,514332
7408,2021-04-14,W,320689,173838,494527
7409,2021-04-15,W,321850,179206,501056
7410,2021-04-16,W,334144,199086,533230
7411,2021-04-17,A,237265,155208,392473
7412,2021-04-18,U,177249,112596,289845
7413,2021-04-19,W,307407,165608,473015
7414,2021-04-20,W,310048,170031,480079
7415,2021-04-21,W,313705,173325,487030
7416,2021-04-22,W,336610,187886,524496
7417,2021-04-23,W,341811,203880,545691
7418,2021-04-24,A,234939,149135,384074
7419,2021-04-25,U,175558,113050,288608
7420,2021-04-26,W,337128,176283,513411
7421,2021-04-27,W,352388,193712,546100
7422,2021-04-28,W,303689,172569,476258
7423,2021-04-29,W,327089,184416,511505
7424,2021-04-30,W,358329,207166,565495
7425,2021-05-01,A,266141,170503,436644
7426,2021-05-02,U,195776,126355,322131
7427,2021-05-03,W,334667,174120,508787
7428,2021-05-04,W,330540,183621,514161
7429,2021-05-05,W,346837,193605,540442
7430,2021-05-06,W,322453,187545,509998
7431,2021-05-07,W,351011,212194,563205
7432,2021-05-08,A,255252,161702,416954
7433,2021-05-09,U,158199,108981,267180
7434,2021-05-10,W,317899,175820,493719
7435,2021-05-11,W,338523,189589,528112
7436,2021-05-12,W,337223,193841,531064
7437,2021-05-13,W,347914,205589,553503
7438,2021-05-14,W,353950,222830,576780
7439,2021-05-15,A,234951,166559,401510
7440,2021-05-16,U,195939,137410,333349
7441,2021-05-17,W,333150,190203,523353
7442,2021-05-18,W,338267,195305,533572
7443,2021-05-19,W,331674,198718,530392
7444,2021-05-20,W,350455,215181,565636
7445,2021-05-21,W,353721,226276,579997
7446,2021-05-22,A,265066,188124,453190
7447,2021-05-23,U,184730,129720,314450
7448,2021-05-24,W,338290,196524,534814
7449,2021-05-25,W,345371,205679,551050
7450,2021-05-26,W,349319,208470,557789
7451,2021-05-27,W,334991,208682,543673
7452,2021-05-28,W,313635,217115,530750
7453,2021-05-29,A,266944,208819,475763
7454,2021-05-30,U,209937,177745,387682
7455,2021-05-31,U,194901,147880,342781
7456,2021-06-01,W,349451,221402,570853
7457,2021-06-02,W,356620,222827,579447
7458,2021-06-03,W,382161,231398,613559
7459,2021-06-04,W,374475,244454,618929
7460,2021-06-05,A,278036,199123,477159
7461,2021-06-06,U,204309,148509,352818
7462,2021-06-07,W,343982,202767,546749
7463,2021-06-08,W,366854,222841,589695
7464,2021-06-09,W,367755,231622,599377
7465,2021-06-10,W,374697,246542,621239
7466,2021-06-11,W,375533,271425,646958
7467,2021-06-12,A,265224,224185,489409
7468,2021-06-13,U,219260,184714,403974
7469,2021-06-14,W,362267,227377,589644
7470,2021-06-15,W,372531,238872,611403
7471,2021-06-16,W,374362,242785,617147
7472,2021-06-17,W,372186,247900,620086
7473,2021-06-18,W,362823,272803,635626
7474,2021-06-19,A,276925,238075,515000
7475,2021-06-20,U,194025,158875,352900
7476,2021-06-21,W,349781,237699,587480
7477,2021-06-22,W,376511,256084,632595
7478,2021-06-23,W,362682,239858,602540
7479,2021-06-24,W,345186,240440,585626
7480,2021-06-25,W,343853,251904,595757
7481,2021-06-26,A,232678,190791,423469
7482,2021-06-27,U,219887,176898,396785
7483,2021-06-28,W,337566,218776,556342
7484,2021-06-29,W,346254,229881,576135
7485,2021-06-30,W,356837,237763,594600
7486,2021-07-01,W,397781,257789,655570
7487,2021-07-02,W,389185,254956,644141
7488,2021-07-03,A,292341,215230,507571
7489,2021-07-04,U,214496,167760,382256
7490,2021-07-05,U,237811,178415,416226
7491,2021-07-06,W,378230,255296,633526
7492,2021-07-07,W,371601,261796,633397
7493,2021-07-08,W,375578,276819,652397
7494,2021-07-09,W,389894,302893,692787
7495,2021-07-10,A,275612,238903,514515
7496,2021-07-11,U,189913,165360,355273
7497,2021-07-12,W,363268,237710,600978
7498,2021-07-13,W,375230,250575,625805
7499,2021-07-14,W,396163,262113,658276
7500,2021-07-15,W,374072,261351,635423
7501,2021-07-16,W,379552,280527,660079
7502,2021-07-17,A,296714,245066,541780
7503,2021-07-18,U,226558,191007,417565
7504,2021-07-19,W,377772,248181,625953
7505,2021-07-20,W,390578,264471,655049
7506,2021-07-21,W,392548,274123,666671
7507,2021-07-22,W,390531,275892,666423
7508,2021-07-23,W,386289,298869,685158
7509,2021-07-24,A,280927,250014,530941
7510,2021-07-25,U,221645,198799,420444
7511,2021-07-26,W,373206,260296,633502
7512,2021-07-27,W,387327,279049,666376
7513,2021-07-28,W,390425,298392,688817
7514,2021-07-29,W,394751,362106,756857
7515,2021-07-30,W,402364,362949,765313
7516,2021-07-31,A,292772,310759,603531
7517,2021-08-01,U,223161,244404,467565
7518,2021-08-02,W,374987,259408,634395
7519,2021-08-03,W,407869,267547,675416
7520,2021-08-04,W,401665,271469,673134
7521,2021-08-05,W,401248,283716,684964
7522,2021-08-06,W,387894,313936,701830
7523,2021-08-07,A,301542,275050,576592
7524,2021-08-08,U,223653,187344,410997
7525,2021-08-09,W,334547,240520,575067
7526,2021-08-10,W,372961,264354,637315
7527,2021-08-11,W,364185,258741,622926
7528,2021-08-12,W,381061,280760,661821
7529,2021-08-13,W,396567,277082,673649
7530,2021-08-14,A,294345,252710,547055
7531,2021-08-15,U,221156,205673,426829
7532,2021-08-16,W,371748,246824,618572
7533,2021-08-17,W,385106,259308,644414
7534,2021-08-18,W,387316,265679,652995
7535,2021-08-19,W,390171,274749,664920
7536,2021-08-20,W,399149,298535,697684
7537,2021-08-21,A,282205,248705,530910
7538,2021-08-22,U,231270,202393,433663
7539,2021-08-23,W,389873,263283,653156
7540,2021-08-24,W,382748,259641,642389
7541,2021-08-25,W,398464,278830,677294
7542,2021-08-26,W,417416,287640,705056
7543,2021-08-27,W,411406,302286,713692
7544,2021-08-28,A,290939,232278,523217
7545,2021-08-29,U,215493,180030,395523
7546,2021-08-30,W,452128,283312,735440
7547,2021-08-31,W,457408,294988,752396
7548,2021-09-01,W,483883,302972,786855
7549,2021-09-02,W,466988,316474,783462
7550,2021-09-03,W,460822,332962,793784
7551,2021-09-04,A,288744,249857,538601
7552,2021-09-05,U,238982,232104,471086
7553,2021-09-06,U,231171,190360,421531
7554,2021-09-07,W,445989,291803,737792
7555,2021-09-08,W,480111,320091,800202
7556,2021-09-09,W,471953,326271,798224
7557,2021-09-10,W,469400,355788,825188
7558,2021-09-11,A,292316,276714,569030
7559,2021-09-12,U,216327,206582,422909
7560,2021-09-13,W,450527,296554,747081
7561,2021-09-14,W,468812,311965,780777
7562,2021-09-15,W,472623,329295,801918
7563,2021-09-16,W,467659,365090,832749
7564,2021-09-17,W,469512,377373,846885
7565,2021-09-18,A,297188,295961,593149
7566,2021-09-19,U,221743,220835,442578
7567,2021-09-20,W,443252,298947,742199
7568,2021-09-21,W,452211,319330,771541
7569,2021-09-22,W,450883,322522,773405
7570,2021-09-23,W,464140,327671,791811
7571,2021-09-24,W,463710,365392,829102
7572,2021-09-25,A,300821,296621,597442
7573,2021-09-26,U,214958,195380,410338
7574,2021-09-27,W,458134,298532,756666
7575,2021-09-28,W,474767,315354,790121
7576,2021-09-29,W,471319,323001,794320
7577,2021-09-30,W,469820,326450,796270
7578,2021-10-01,W,486451,343048,829499
7579,2021-10-02,A,283289,248678,531967
7580,2021-10-03,U,209009,188875,397884
7581,2021-10-04,W,453108,297717,750825
7582,2021-10-05,W,469691,317319,787010
7583,2021-10-06,W,474666,317494,792160
7584,2021-10-07,W,447936,323569,771505
7585,2021-10-08,W,461163,348740,809903
7586,2021-10-09,A,301635,281790,583425
7587,2021-10-10,U,194232,312750,506982
7588,2021-10-11,W,335704,269043,604747
7589,2021-10-12,W,469702,337547,807249
7590,2021-10-13,W,456836,323735,780571
7591,2021-10-14,W,466987,336464,803451
7592,2021-10-15,W,456194,338278,794472
7593,2021-10-16,A,301890,266017,567907
7594,2021-10-17,U,219929,196386,416315
7595,2021-10-18,W,447658,303246,750904
7596,2021-10-19,W,467179,323286,790465
7597,2021-10-20,W,470815,323794,794609
7598,2021-10-21,W,449160,330258,779418
7599,2021-10-22,W,446072,328904,774976
7600,2021-10-23,A,288871,244421,533292
7601,2021-10-24,U,171424,144992,316416
7602,2021-10-25,W,384314,270031,654345
7603,2021-10-26,W,476997,320974,797971
7604,2021-10-27,W,475784,327121,802905
7605,2021-10-28,W,447442,328865,776307
7606,2021-10-29,W,407815,307878,715693
7607,2021-10-30,A,280283,244786,525069
7608,2021-10-31,U,203393,183268,386661
7609,2021-11-01,W,452937,300996,753933
7610,2021-11-02,W,463908,319122,783030
7611,2021-11-03,W,481029,327770,808799
7612,2021-11-04,W,463508,333562,797070
7613,2021-11-05,W,403870,312819,716689
7614,2021-11-06,A,279147,235533,514680
7615,2021-11-07,U,211114,177817,388931
7616,2021-11-08,W,458387,305403,763790
7617,2021-11-09,W,465479,324645,790124
7618,2021-11-10,W,474682,332506,807188
7619,2021-11-11,W,349696,286823,636519
7620,2021-11-12,W,381722,302454,684176
7621,2021-11-13,A,263401,221836,485237
7622,2021-11-14,U,191694,153282,344976
7623,2021-11-15,W,427781,292876,720657
7624,2021-11-16,W,463846,321135,784981
7625,2021-11-17,W,436216,311717,747933
7626,2021-11-18,W,413008,315161,728169
7627,2021-11-19,W,443247,337202,780449
7628,2021-11-20,A,271655,276136,547791
7629,2021-11-21,U,214017,179537,393554
7630,2021-11-22,W,428156,288075,716231
7631,2021-11-23,W,437577,300261,737838
7632,2021-11-24,W,359261,257882,617143
7633,2021-11-25,U,136680,103108,239788
7634,2021-11-26,W,257700,189694,447394
7635,2021-11-27,A,237839,187065,424904
7636,2021-11-28,U,184817,147830,332647
7637,2021-11-29,W,421322,276090,697412
7638,2021-11-30,W,450230,302349,752579
7639,2021-12-01,W,464613,309075,773688
7640,2021-12-02,W,466625,323958,790583
7641,2021-12-03,W,460247,320326,780573
7642,2021-12-04,A,282720,237153,519873
7643,2021-12-05,U,175680,150682,326362
7644,2021-12-06,W,419783,278439,698222
7645,2021-12-07,W,412108,287065,699173
7646,2021-12-08,W,440298,300242,740540
7647,2021-12-09,W,441609,310636,752245
7648,2021-12-10,W,425279,297443,722722
7649,2021-12-11,A,253954,221509,475463
7650,2021-12-12,U,200373,165296,365669
7651,2021-12-13,W,425654,272016,697670
7652,2021-12-14,W,443484,293750,737234
7653,2021-12-15,W,441500,299691,741191
7654,2021-12-16,W,424823,297427,722250
7655,2021-12-17,W,405415,282060,687475
7656,2021-12-18,A,243767,196349,440116
7657,2021-12-19,U,193554,150673,344227
7658,2021-12-20,W,346355,235596,581951
7659,2021-12-21,W,343757,224928,568685
7660,2021-12-22,W,314359,209334,523693
7661,2021-12-23,W,311895,192858,504753
7662,2021-12-24,U,215369,118922,334291
7663,2021-12-25,A,101622,63575,165197
7664,2021-12-26,U,160349,106278,266627
7665,2021-12-27,W,276748,170801,447549
7666,2021-12-28,W,267102,174336,441438
7667,2021-12-29,W,294413,191745,486158
7668,2021-12-30,W,295024,194851,489875
7669,2021-12-31,U,227449,163183,390632
7670,2022-01-01,A,115581,116473,232054
7671,2022-01-02,U,141100,114070,255170
7672,2022-01-03,W,308893,184727,493620
7673,2022-01-04,W,343163,202963,546126
7674,2022-01-05,W,261752,177105,438857
7675,2022-01-06,W,256983,175465,432448
7676,2022-01-07,W,246042,172216,418258
7677,2022-01-08,A,190569,133844,324413
7678,2022-01-09,U,139413,102330,241743
7679,2022-01-10,W,273785,175964,449749
7680,2022-01-11,W,299534,190644,490178
7681,2022-01-12,W,364308,214250,578558
7682,2022-01-13,W,364235,218508,582743
7683,2022-01-14,W,355305,224098,579403
7684,2022-01-15,A,201975,153357,355332
7685,2022-01-16,U,157849,117493,275342
7686,2022-01-17,W,247901,160202,408103
7687,2022-01-18,W,394532,239770,634302
7688,2022-01-19,W,373531,235997,609528
7689,2022-01-20,W,343001,227670,570671
7690,2022-01-21,W,360918,227754,588672
7691,2022-01-22,A,213615,153452,367067
7692,2022-01-23,U,149802,112997,262799
7693,2022-01-24,W,352311,235351,587662
7694,2022-01-25,W,352155,234112,586267
7695,2022-01-26,W,313683,215518,529201
7696,2022-01-27,W,388880,254620,643500
7697,2022-01-28,W,310477,229809,540286
7698,2022-01-29,A,216590,160644,377234
7699,2022-01-30,U,163483,115445,278928
7700,2022-01-31,W,405219,253283,658502
7701,2022-02-01,W,438309,273732,712041
7702,2022-02-02,W,252363,189573,441936
7703,2022-02-03,W,342011,232018,574029
7704,2022-02-04,W,391793,263572,655365
7705,2022-02-05,A,222874,169731,392605
7706,2022-02-06,U,179811,125211,305022
7707,2022-02-07,W,405768,257867,663635
7708,2022-02-08,W,431086,280312,711398
7709,2022-02-09,W,433494,283336,716830
7710,2022-02-10,W,426111,284248,710359
7711,2022-02-11,W,413489,269373,682862
7712,2022-02-12,A,236977,177109,414086
7713,2022-02-13,U,175728,133282,309010
7714,2022-02-14,W,400492,260703,661195
7715,2022-02-15,W,434683,282736,717419
7716,2022-02-16,W,436057,286506,722563
7717,2022-02-17,W,365062,260175,625237
7718,2022-02-18,W,383850,268927,652777
7719,2022-02-19,A,228190,179991,408181
7720,2022-02-20,U,193971,146532,340503
7721,2022-02-21,W,330376,219366,549742
7722,2022-02-22,W,402852,275702,678554
7723,2022-02-23,W,434639,288569,723208
7724,2022-02-24,W,417551,290246,707797
7725,2022-02-25,W,411882,278287,690169
7726,2022-02-26,A,260161,190557,450718
7727,2022-02-27,U,197978,139377,337355
7728,2022-02-28,W,437269,272433,709702
7729,2022-03-01,W,471547,297951,769498
7730,2022-03-02,W,461679,304639,766318
7731,2022-03-03,W,450905,301344,752249
7732,2022-03-04,W,437164,288975,726139
7733,2022-03-05,A,291281,221714,512995
7734,2022-03-06,U,194300,141976,336276
7735,2022-03-07,W,399383,261592,660975
7736,2022-03-08,W,464441,303631,768072
7737,2022-03-09,W,466984,310336,777320
7738,2022-03-10,W,444721,310435,755156
7739,2022-03-11,W,422764,294476,717240
7740,2022-03-12,A,247872,287526,535398
7741,2022-03-13,U,200879,168821,369700
7742,2022-03-14,W,448558,294168,742726
7743,2022-03-15,W,463215,322609,785824
7744,2022-03-16,W,479823,333597,813420
7745,2022-03-17,W,463068,336933,800001
7746,2022-03-18,W,404540,292739,697279
7747,2022-03-19,A,250839,203842,454681
7748,2022-03-20,U,220280,183597,403877
7749,2022-03-21,W,459452,286077,745529
7750,2022-03-22,W,432916,290803,723719
7751,2022-03-23,W,411053,285528,696581
7752,2022-03-24,W,452116,279960,732076
7753,2022-03-25,W,431829,290569,722398
7754,2022-03-26,A,242199,191025,433224
7755,2022-03-27,U,193217,147865,341082
7756,2022-03-28,W,443113,283316,726429
7757,2022-03-29,W,459127,310432,769559
7758,2022-03-30,W,425844,299471,725315
7759,2022-03-31,W,446918,313624,760542
7760,2022-04-01,W,484903,314610,799513
7761,2022-04-02,A,264044,194383,458427
7762,2022-04-03,U,218901,153875,372776
7763,2022-04-04,W,457452,291019,748471
7764,2022-04-05,W,482775,326164,808939
7765,2022-04-06,W,470573,327753,798326
7766,2022-04-07,W,468788,346853,815641
7767,2022-04-08,W,398017,301320,699337
7768,2022-04-09,A,283129,232566,515695
7769,2022-04-10,U,221977,184272,406249
7770,2022-04-11,W,388543,276040,664583
7771,2022-04-12,W,426444,323042,749486
7772,2022-04-13,W,375870,290641,666511
7773,2022-04-14,W,408379,316347,724726
7774,2022-04-15,W,367610,276605,644215
7775,2022-04-16,A,274093,216395,490488
7776,2022-04-17,U,183837,139738,323575
7777,2022-04-18,W,416359,279342,695701
7778,2022-04-19,W,461501,324667,786168
7779,2022-04-20,W,453943,322677,776620
7780,2022-04-21,W,455139,339779,794918
7781,2022-04-22,W,414144,295319,709463
7782,2022-04-23,A,312128,278763,590891
7783,2022-04-24,U,192744,162462,355206
7784,2022-04-25,W,454532,293934,748466
7785,2022-04-26,W,476474,323321,799795
7786,2022-04-27,W,473316,325530,798846
7787,2022-04-28,W,461751,329024,790775
7788,2022-04-29,W,472802,324138,796940
7789,2022-04-30,A,260440,208693,469133
7790,2022-05-01,U,209565,167306,376871
7791,2022-05-02,W,456676,288292,744968
7792,2022-05-03,W,427088,304189,731277
7793,2022-05-04,W,500429,344233,844662
7794,2022-05-05,W,464544,329241,793785
7795,2022-05-06,W,429700,298387,728087
7796,2022-05-07,A,308573,262869,571442
7797,2022-05-08,U,204641,167467,372108
7798,2022-05-09,W,456324,296458,752782
7799,2022-05-10,W,487603,334899,822502
7800,2022-05-11,W,481802,332548,814350
7801,2022-05-12,W,475308,345676,820984
7802,2022-05-13,W,470223,332657,802880
7803,2022-05-14,A,303044,249361,552405
7804,2022-05-15,U,210931,171982,382913
7805,2022-05-16,W,460986,304494,765480
7806,2022-05-17,W,479630,337079,816709
7807,2022-05-18,W,452731,322841,775572
7808,2022-05-19,W,486489,351429,837918
7809,2022-05-20,W,458078,321127,779205
7810,2022-05-21,A,258763,218972,477735
7811,2022-05-22,U,221756,193002,414758
7812,2022-05-23,W,456515,297901,754416
7813,2022-05-24,W,484351,336010,820361
7814,2022-05-25,W,461780,319883,781663
7815,2022-05-26,W,467853,332069,799922
7816,2022-05-27,W,435553,299737,735290
7817,2022-05-28,A,299533,280228,579761
7818,2022-05-29,U,239199,246793,485992
7819,2022-05-30,U,235865,210421,446286
7820,2022-05-31,W,468550,326376,794926
7821,2022-06-01,W,496766,346924,843690
7822,2022-06-02,W,492400,355544,847944
7823,2022-06-03,W,494862,353934,848796
7824,2022-06-04,A,298993,261915,560908
7825,2022-06-05,U,230730,216530,447260
7826,2022-06-06,W,437910,291922,729832
7827,2022-06-07,W,492774,348945,841719
7828,2022-06-08,W,454093,328980,783073
7829,2022-06-09,W,488146,359630,847776
7830,2022-06-10,W,450488,327910,778398
7831,2022-06-11,A,311911,264509,576420
7832,2022-06-12,U,224348,193587,417935
7833,2022-06-13,W,433682,306621,740303
7834,2022-06-14,W,467146,345831,812977
7835,2022-06-15,W,435538,338852,774390
7836,2022-06-16,W,441821,351622,793443
7837,2022-06-17,W,438575,356445,795020
7838,2022-06-18,A,316980,307051,624031
7839,2022-06-19,U,227181,226033,453214
7840,2022-06-20,W,365955,257700,623655
7841,2022-06-21,W,427588,321100,748688
7842,2022-06-22,W,444712,335641,780353
7843,2022-06-23,W,442860,345391,788251
7844,2022-06-24,W,429666,353308,782974
7845,2022-06-25,A,276951,259318,536269
7846,2022-06-26,U,228786,301320,530106
7847,2022-06-27,W,416606,298347,714953
7848,2022-06-28,W,445097,348827,793924
7849,2022-06-29,W,448310,350300,798610
7850,2022-06-30,W,434307,354302,788609
7851,2022-07-01,W,427111,319073,746184
7852,2022-07-02,A,314971,271980,586951
7853,2022-07-03,U,234889,221003,455892
7854,2022-07-04,U,201272,158486,359758
7855,2022-07-05,W,400714,283797,684511
7856,2022-07-06,W,438241,315347,753588
7857,2022-07-07,W,444168,331132,775300
7858,2022-07-08,W,414527,323371,737898
7859,2022-07-09,A,314661,288100,602761
7860,2022-07-10,U,228764,208566,437330
7861,2022-07-11,W,411177,289480,700657
7862,2022-07-12,W,460573,351612,812185
7863,2022-07-13,W,462243,357923,820166
7864,2022-07-14,W,459272,364927,824199
7865,2022-07-15,W,385035,307877,692912
7866,2022-07-16,A,306271,295499,601770
7867,2022-07-17,U,212995,208264,421259
7868,2022-07-18,W,432780,299248,732028
7869,2022-07-19,W,453338,335621,788959
7870,2022-07-20,W,455439,338205,793644
7871,2022-07-21,W,445763,342598,788361
7872,2022-07-22,W,426586,323821,750407
7873,2022-07-23,A,275396,265291,540687
7874,2022-07-24,U,209703,202481,412184
7875,2022-07-25,W,423680,314719,738399
7876,2022-07-26,W,460649,352662,813311
7877,2022-07-27,W,446320,340006,786326
7878,2022-07-28,W,448728,380517,829245
7879,2022-07-29,W,430804,378849,809653
7880,2022-07-30,A,304052,327388,631440
7881,2022-07-31,U,224307,252781,477088
7882,2022-08-01,W,433904,304820,738724
7883,2022-08-02,W,451890,335737,787627
7884,2022-08-03,W,430236,321771,752007
7885,2022-08-04,W,449161,341966,791127
7886,2022-08-05,W,445484,357462,802946
7887,2022-08-06,A,302707,280369,583076
7888,2022-08-07,U,202042,193344,395386
7889,2022-08-08,W,381427,286194,667621
7890,2022-08-09,W,454272,352582,806854
7891,2022-08-10,W,455381,346182,801563
7892,2022-08-11,W,444736,337937,782673
7893,2022-08-12,W,430652,320260,750912
7894,2022-08-13,A,295364,253835,549199
7895,2022-08-14,U,214683,189154,403837
7896,2022-08-15,W,422612,312773,735385
7897,2022-08-16,W,445900,335456,781356
7898,2022-08-17,W,451427,335610,787037
7899,2022-08-18,W,447149,343155,790304
7900,2022-08-19,W,446821,359501,806322
7901,2022-08-20,A,276088,263681,539769
7902,2022-08-21,U,235253,221628,456881
7903,2022-08-22,W,484550,322408,806958
7904,2022-08-23,W,510024,370191,880215
7905,2022-08-24,W,509522,369646,879168
7906,2022-08-25,W,491181,367289,858470
7907,2022-08-26,W,495636,347989,843625
7908,2022-08-27,A,313588,249105,562693
7909,2022-08-28,U,219848,188705,408553
7910,2022-08-29,W,453804,307410,761214
7911,2022-08-30,W,524895,366870,891765
7912,2022-08-31,W,521586,366459,888045
7913,2022-09-01,W,526641,371181,897822
7914,2022-09-02,W,507102,361289,868391
7915,2022-09-03,A,329125,291196,620321
7916,2022-09-04,U,229381,227410,456791
7917,2022-09-05,U,236613,180944,417557
7918,2022-09-06,W,523472,365689,889161
7919,2022-09-07,W,534473,388259,922732
7920,2022-09-08,W,529691,391210,920901
7921,2022-09-09,W,506174,373012,879186
7922,2022-09-10,A,328476,293144,621620
7923,2022-09-11,U,180862,175036,355898
7924,2022-09-12,W,480954,342767,823721
7925,2022-09-13,W,527850,390462,918312
7926,2022-09-14,W,531662,395177,926839
7927,2022-09-15,W,526216,409158,935374
7928,2022-09-16,W,508567,431965,940532
7929,2022-09-17,A,333893,324035,657928
7930,2022-09-18,U,237991,241024,479015
7931,2022-09-19,W,495344,350160,845504
7932,2022-09-20,W,522109,387279,909388
7933,2022-09-21,W,537697,392818,930515
7934,2022-09-22,W,530009,398846,928855
7935,2022-09-23,W,458882,354789,813671
7936,2022-09-24,A,320145,265000,585145
7937,2022-09-25,U,229013,196621,425634
7938,2022-09-26,W,497354,338256,835610
7939,2022-09-27,W,527776,392549,920325
7940,2022-09-28,W,530749,399004,929753
7941,2022-09-29,W,521049,399396,920445
7942,2022-09-30,W,517079,372584,889663
7943,2022-10-01,A,331991,278557,610548
7944,2022-10-02,U,230938,198343,429281
7945,2022-10-03,W,522157,347552,869709
7946,2022-10-04,W,539617,387120,926737
7947,2022-10-05,W,535091,386695,921786
7948,2022-10-06,W,528937,407379,936316
7949,2022-10-07,W,497726,385824,883550
7950,2022-10-08,A,327134,300298,627432
7951,2022-10-09,U,207502,351798,559300
7952,2022-10-10,W,413126,332397,745523
7953,2022-10-11,W,516976,397158,914134
7954,2022-10-12,W,497854,384939,882793
7955,2022-10-13,W,533103,420167,953270
7956,2022-10-14,W,501494,372144,873638
7957,2022-10-15,A,325294,272080,597374
7958,2022-10-16,U,227365,191906,419271
7959,2022-10-17,W,470688,332889,803577
7960,2022-10-18,W,499407,372296,871703
7961,2022-10-19,W,525153,378834,903987
7962,2022-10-20,W,507374,383470,890844
7963,2022-10-21,W,462718,343986,806704
7964,2022-10-22,A,328599,254638,583237
7965,2022-10-23,U,239284,189552,428836
7966,2022-10-24,W,499098,342781,841879
7967,2022-10-25,W,478171,370030,848201
7968,2022-10-26,W,539425,393904,933329
7969,2022-10-27,W,528826,395129,923955
7970,2022-10-28,W,501985,352842,854827
7971,2022-10-29,A,311437,254149,565586
7972,2022-10-30,U,217204,177961,395165
7973,2022-10-31,W,454862,318942,773804
7974,2022-11-01,W,535639,378179,913818
7975,2022-11-02,W,532834,379413,912247
7976,2022-11-03,W,540308,389939,930247
7977,2022-11-04,W,489779,345651,835430
7978,2022-11-05,A,271210,239302,510512
7979,2022-11-06,U,237292,195418,432710
7980,2022-11-07,W,502205,345095,847300
7981,2022-11-08,W,445547,343165,788712
7982,2022-11-09,W,524300,382075,906375
7983,2022-11-10,W,534931,396488,931419
7984,2022-11-11,W,458476,329637,788113
7985,2022-11-12,A,283958,233513,517471
7986,2022-11-13,U,216386,184686,401072
7987,2022-11-14,W,479311,330831,810142
7988,2022-11-15,W,482772,363154,845926
7989,2022-11-16,W,501388,367015,868403
7990,2022-11-17,W,489196,368122,857318
7991,2022-11-18,W,437859,348326,786185
7992,2022-11-19,A,253918,231052,484970
7993,2022-11-20,U,204456,163384,367840
7994,2022-11-21,W,423423,299744,723167
7995,2022-11-22,W,435161,314006,749167
7996,2022-11-23,W,398091,275787,673878
7997,2022-11-24,U,160200,111986,272186
7998,2022-11-25,W,305747,216040,521787
7999,2022-11-26,A,283619,206385,490004
8000,2022-11-27,U,190990,145822,336812
8001,2022-11-28,W,472849,306743,779592
8002,2022-11-29,W,492390,346172,838562
8003,2022-11-30,W,471180,342095,813275
8004,2022-12-01,W,494028,351763,845791
8005,2022-12-02,W,490109,327826,817935
8006,2022-12-03,A,302524,235937,538461
8007,2022-12-04,U,219158,175364,394522
8008,2022-12-05,W,473036,301290,774326
8009,2022-12-06,W,491402,343974,835376
8010,2022-12-07,W,501570,348450,850020
8011,2022-12-08,W,491122,354293,845415
8012,2022-12-09,W,434379,310116,744495
8013,2022-12-10,A,301199,250406,551605
8014,2022-12-11,U,217920,181270,399190
8015,2022-12-12,W,461205,309804,771009
8016,2022-12-13,W,488778,350345,839123
8017,2022-12-14,W,460656,334180,794836
8018,2022-12-15,W,479951,357938,837889
8019,2022-12-16,W,438828,317559,756387
8020,2022-12-17,A,273704,221530,495234
8021,2022-12-18,U,205652,168395,374047
8022,2022-12-19,W,422466,271588,694054
8023,2022-12-20,W,458350,301658,760008
8024,2022-12-21,W,449539,293415,742954
8025,2022-12-22,W,334740,211520,546260
8026,2022-12-23,W,154576,107314,261890
8027,2022-12-24,A,150459,94387,244846
8028,2022-12-25,U,85188,55366,140554
8029,2022-12-26,U,205368,123005,328373
8030,2022-12-27,W,315154,202638,517792
8031,2022-12-28,W,321472,212073,533545
8032,2022-12-29,W,347158,231287,578445
8033,2022-12-30,W,364899,243067,607966
8034,2022-12-31,A,257498,181031,438529
8035,2023-01-01,U,164489,140776,305265
8036,2023-01-02,U,254124,165797,419921
8037,2023-01-03,W,383247,275846,659093
8038,2023-01-04,W,398456,292474,690930
8039,2023-01-05,W,384238,292708,676946
8040,2023-01-06,W,371923,258636,630559
8041,2023-01-07,A,272633,183930,456563
8042,2023-01-08,U,209397,145377,354774
8043,2023-01-09,W,449465,296803,746268
8044,2023-01-10,W,499769,345615,845384
8045,2023-01-11,W,499126,343468,842594
8046,2023-01-12,W,474679,340171,814850
8047,2023-01-13,W,443233,292169,735402
8048,2023-01-14,A,288502,201672,490174
8049,2023-01-15,U,220389,154138,374527
8050,2023-01-16,W,295880,196321,492201
8051,2023-01-17,W,496926,344762,841688
8052,2023-01-18,W,495410,346875,842285
8053,2023-01-19,W,479283,347238,826521
8054,2023-01-20,W,457848,296350,754198
8055,2023-01-21,A,285487,196802,482289
8056,2023-01-22,U,201809,140538,342347
8057,2023-01-23,W,468304,307836,776140
8058,2023-01-24,W,505791,355136,860927
8059,2023-01-25,W,462648,337076,799724
8060,2023-01-26,W,484428,350067,834495
8061,2023-01-27,W,435531,290048,725579
8062,2023-01-28,A,270454,190883,461337
8063,2023-01-29,U,199420,144673,344093
8064,2023-01-30,W,420711,284230,704941
8065,2023-01-31,W,428116,311121,739237
8066,2023-02-01,W,488390,332706,821096
8067,2023-02-02,W,488230,339244,827474
8068,2023-02-03,W,367206,247871,615077
8069,2023-02-04,A,295858,188543,484401
8070,2023-02-05,U,228506,147681,376187
8071,2023-02-06,W,489061,304675,793736
8072,2023-02-07,W,512128,348998,861126
8073,2023-02-08,W,517223,348441,865664
8074,2023-02-09,W,456891,326676,783567
8075,2023-02-10,W,480757,289003,769760
8076,2023-02-11,A,305427,182401,487828
8077,2023-02-12,U,228971,139964,368935
8078,2023-02-13,W,477325,298814,776139
8079,2023-02-14,W,510605,355572,866177
8080,2023-02-15,W,498251,346762,845013
8081,2023-02-16,W,450939,324574,775513
8082,2023-02-17,W,447365,297527,744892
8083,2023-02-18,A,307618,213471,521089
8084,2023-02-19,U,241433,167599,409032
8085,2023-02-20,W,371110,251523,622633
8086,2023-02-21,W,512268,349053,861321
8087,2023-02-22,W,445175,320183,765358
8088,2023-02-23,W,500377,349987,850364
8089,2023-02-24,W,468093,303528,771621
8090,2023-02-25,A,313877,199947,513824
8091,2023-02-26,U,246373,152718,399091
8092,2023-02-27,W,438886,284156,723042
8093,2023-02-28,W,516342,350093,866435
8094,2023-03-01,W,538035,357399,895434
8095,2023-03-02,W,505862,352552,858414
8096,2023-03-03,W,441984,285055,727039
8097,2023-03-04,A,332481,209545,542026
8098,2023-03-05,U,246208,156086,402294
8099,2023-03-06,W,470524,303195,773719
8100,2023-03-07,W,528413,362941,891354
8101,2023-03-08,W,521850,359517,881367
8102,2023-03-09,W,498577,352220,850797
8103,2023-03-10,W,466305,312533,778838
8104,2023-03-11,A,326961,340919,667880
8105,2023-03-12,U,215765,159274,375039
8106,2023-03-13,W,459265,307389,766654
8107,2023-03-14,W,524325,366497,890822
8108,2023-03-15,W,535449,367880,903329
8109,2023-03-16,W,499382,360728,860110
8110,2023-03-17,W,435055,319561,754616
8111,2023-03-18,A,284653,199267,483920
8112,2023-03-19,U,238907,157695,396602
8113,2023-03-20,W,478059,300593,778652
8114,2023-03-21,W,510959,347098,858057
8115,2023-03-22,W,499380,340260,839640
8116,2023-03-23,W,489519,342562,832081
8117,2023-03-24,W,475520,306297,781817
8118,2023-03-25,A,287548,202198,489746
8119,2023-03-26,U,222855,179536,402391
8120,2023-03-27,W,493436,320115,813551
8121,2023-03-28,W,521594,365749,887343
8122,2023-03-29,W,470430,353192,823622
8123,2023-03-30,W,517477,388264,905741
8124,2023-03-31,W,467904,309609,777513
8125,2023-04-01,A,315267,235235,550502
8126,2023-04-02,U,261251,191192,452443
8127,2023-04-03,W,439537,304009,743546
8128,2023-04-04,W,428000,325448,753448
8129,2023-04-05,W,438936,335701,774637
8130,2023-04-06,W,459977,353018,812995
8131,2023-04-07,W,419926,312653,732579
8132,2023-04-08,A,333736,244038,577774
8133,2023-04-09,U,237320,168475,405795
8134,2023-04-10,W,492576,324608,817184
8135,2023-04-11,W,539533,388288,927821
8136,2023-04-12,W,516841,388965,905806
8137,2023-04-13,W,541076,386440,927516
8138,2023-04-14,W,518497,353807,872304
8139,2023-04-15,A,360082,254964,615046
8140,2023-04-16,U,229968,157603,387571
8141,2023-04-17,W,458530,310077,768607
8142,2023-04-18,W,523866,378471,902337
8143,2023-04-19,W,527267,380103,907370
8144,2023-04-20,W,516298,393967,910265
8145,2023-04-21,W,505681,360742,866423
8146,2023-04-22,A,329493,240134,569627
8147,2023-04-23,U,245927,174185,420112
8148,2023-04-24,W,502642,328298,830940
8149,2023-04-25,W,516696,378228,894924
8150,2023-04-26,W,539161,388688,927849
8151,2023-04-27,W,532971,395661,928632
8152,2023-04-28,W,503332,340242,843574
8153,2023-04-29,A,331120,224434,555554
8154,2023-04-30,U,238929,165311,404240
8155,2023-05-01,W,482348,315630,797978
8156,2023-05-02,W,530573,372211,902784
8157,2023-05-03,W,555155,381538,936693
8158,2023-05-04,W,542958,391265,934223
8159,2023-05-05,W,518792,367635,886427
8160,2023-05-06,A,354490,259476,613966
8161,2023-05-07,U,281403,198280,479683
8162,2023-05-08,W,469174,325860,795034
8163,2023-05-09,W,548033,396388,944421
8164,2023-05-10,W,544618,397870,942488
8165,2023-05-11,W,533940,384804,918744
8166,2023-05-12,W,481927,328362,810289
8167,2023-05-13,A,344247,221075,565322
8168,2023-05-14,U,233363,156364,389727
8169,2023-05-15,W,486638,320403,807041
8170,2023-05-16,W,533948,384145,918093
8171,2023-05-17,W,527429,382604,910033
8172,2023-05-18,W,525435,390005,915440
8173,2023-05-19,W,486435,337006,823441
8174,2023-05-20,A,354750,241214,595964
8175,2023-05-21,U,273007,193053,466060
8176,2023-05-22,W,499608,333292,832900
8177,2023-05-23,W,537810,406630,944440
8178,2023-05-24,W,535858,401039,936897
8179,2023-05-25,W,528009,395099,923108
8180,2023-05-26,W,497832,356184,854016
8181,2023-05-27,A,340968,290957,631925
8182,2023-05-28,U,273385,247157,520542
8183,2023-05-29,U,269683,209702,479385
8184,2023-05-30,W,517974,382375,900349
8185,2023-05-31,W,517111,389469,906580
8186,2023-06-01,W,544178,393187,937365
8187,2023-06-02,W,514354,386122,900476
8188,2023-06-03,A,371914,300646,672560
8189,2023-06-04,U,278304,238509,516813
8190,2023-06-05,W,511045,350028,861073
8191,2023-06-06,W,522067,389250,911317
8192,2023-06-07,W,535180,390851,926031
8193,2023-06-08,W,493065,387473,880538
8194,2023-06-09,W,476837,381247,858084
8195,2023-06-10,A,379556,320326,699882
8196,2023-06-11,U,239715,193563,433278
8197,2023-06-12,W,457944,327050,784994
8198,2023-06-13,W,450859,375000,825859
8199,2023-06-14,W,493401,392696,886097
8200,2023-06-15,W,482965,398441,881406
8201,2023-06-16,W,453530,361553,815083
8202,2023-06-17,A,372865,295909,668774
8203,2023-06-18,U,272736,221073,493809
8204,2023-06-19,W,384578,261569,646147
8205,2023-06-20,W,488457,375171,863628
8206,2023-06-21,W,495689,401487,897176
8207,2023-06-22,W,486237,402155,888392
8208,2023-06-23,W,469905,383443,853348
8209,2023-06-24,A,369643,298557,668200
8210,2023-06-25,U,258229,295714,553943
8211,2023-06-26,W,445453,323554,769007
8212,2023-06-27,W,496729,395754,892483
8213,2023-06-28,W,496731,392034,888765
8214,2023-06-29,W,470303,393963,864266
8215,2023-06-30,W,473836,378120,851956
8216,2023-07-01,A,335143,311337,646480
8217,2023-07-02,U,170177,192380,362557
8218,2023-07-03,W,444738,293378,738116
8219,2023-07-04,U,281675,195858,477533
8220,2023-07-05,W,448241,324432,772673
8221,2023-07-06,W,495284,375201,870485
8222,2023-07-07,W,479367,347499,826866
8223,2023-07-08,A,352631,259570,612201
8224,2023-07-09,U,281445,205204,486649
8225,2023-07-10,W,485647,330776,816423
8226,2023-07-11,W,483040,372976,856016
8227,2023-07-12,W,443121,354104,797225
8228,2023-07-13,W,505564,394862,900426
8229,2023-07-14,W,476443,373807,850250
8230,2023-07-15,A,359874,287408,647282
8231,2023-07-16,U,281420,234238,515658
8232,2023-07-17,W,480822,349113,829935
8233,2023-07-18,W,512122,398713,910835
8234,2023-07-19,W,515105,402686,917791
8235,2023-07-20,W,502681,414002,916683
8236,2023-07-21,W,485225,389288,874513
8237,2023-07-22,A,360932,312905,673837
8238,2023-07-23,U,288305,247161,535466
8239,2023-07-24,W,474506,338496,813002
8240,2023-07-25,W,508517,383391,891908
8241,2023-07-26,W,478350,371278,849628
8242,2023-07-27,W,502581,385163,887744
8243,2023-07-28,W,446842,334517,781359
8244,2023-07-29,A,364824,286441,651265
8245,2023-07-30,U,285496,219936,505432
8246,2023-07-31,W,469024,334195,803219
8247,2023-08-01,W,528437,389535,917972
8248,2023-08-02,W,519583,423358,942941
8249,2023-08-03,W,521191,480968,1002159
8250,2023-08-04,W,493321,456039,949360
8251,2023-08-05,A,338701,346075,684776
8252,2023-08-06,U,264872,298188,563060
8253,2023-08-07,W,467465,346627,814092
8254,2023-08-08,W,508824,388916,897740
8255,2023-08-09,W,501770,394563,896333
8256,2023-08-10,W,506343,383545,889888
8257,2023-08-11,W,472150,370307,842457
8258,2023-08-12,A,370464,315090,685554
8259,2023-08-13,U,279218,225085,504303
8260,2023-08-14,W,408865,290559,699424
8261,2023-08-15,W,500013,382517,882530
8262,2023-08-16,W,518485,390193,908678
8263,2023-08-17,W,484256,366327,850583
8264,2023-08-18,W,490626,366654,857280
8265,2023-08-19,A,381458,303336,684794
8266,2023-08-20,U,296344,239159,535503
8267,2023-08-21,W,551302,343866,895168
8268,2023-08-22,W,564653,390141,954794
8269,2023-08-23,W,531763,365111,896874
8270,2023-08-24,W,501750,365055,866805
8271,2023-08-25,W,553276,375055,928331
8272,2023-08-26,A,361538,273589,635127
8273,2023-08-27,U,289983,218533,508516
8274,2023-08-28,W,567171,371199,938370
8275,2023-08-29,W,585643,418817,1004460
8276,2023-08-30,W,589901,420080,1009981
8277,2023-08-31,W,579376,413083,992459
8278,2023-09-01,W,585674,386812,972486
8279,2023-09-02,A,384728,291029,675757
8280,2023-09-03,U,309758,248524,558282
8281,2023-09-04,U,293106,220411,513517
8282,2023-09-05,W,586167,409043,995210
8283,2023-09-06,W,578259,425429,1003688
8284,2023-09-07,W,597711,442432,1040143
8285,2023-09-08,W,555213,397332,952545
8286,2023-09-09,A,385592,323033,708625
8287,2023-09-10,U,297306,247808,545114
8288,2023-09-11,W,504742,356445,861187
8289,2023-09-12,W,603242,432403,1035645
8290,2023-09-13,W,593103,431950,1025053
8291,2023-09-14,W,587439,437320,1024759
8292,2023-09-15,W,566708,432176,998884
8293,2023-09-16,A,352049,340865,692914
8294,2023-09-17,U,252015,219746,471761
8295,2023-09-18,W,560810,382031,942841
8296,2023-09-19,W,555949,432367,988316
8297,2023-09-20,W,599268,447165,1046433
8298,2023-09-21,W,581536,449600,1031136
8299,2023-09-22,W,525718,400937,926655
8300,2023-09-23,A,381816,312772,694588
8301,2023-09-24,U,290336,234578,524914
8302,2023-09-25,W,552311,370891,923202
8303,2023-09-26,W,565172,416619,981791
8304,2023-09-27,W,583749,427267,1011016
8305,2023-09-28,W,597723,437574,1035297
8306,2023-09-29,W,578054,401168,979222
8307,2023-09-30,A,391173,301206,692379
8308,2023-10-01,U,303953,229368,533321
8309,2023-10-02,W,576630,378334,954964
8310,2023-10-03,W,619488,434467,1053955
8311,2023-10-04,W,610623,445787,1056410
8312,2023-10-05,W,584937,447707,1032644
8313,2023-10-06,W,559485,428321,987806
8314,2023-10-07,A,386990,334134,721124
8315,2023-10-08,U,253021,403385,656406
8316,2023-10-09,W,452540,366694,819234
8317,2023-10-10,W,601129,443465,1044594
8318,2023-10-11,W,598019,442594,1040613
8319,2023-10-12,W,567954,433731,1001685
8320,2023-10-13,W,519462,373986,893448
8321,2023-10-14,A,338320,266624,604944
8322,2023-10-15,U,293753,222768,516521
8323,2023-10-16,W,551971,374520,926491
8324,2023-10-17,W,587256,440241,1027497
8325,2023-10-18,W,595182,439266,1034448
8326,2023-10-19,W,579587,433975,1013562
8327,2023-10-20,W,562941,395292,958233
8328,2023-10-21,A,364186,309900,674086
8329,2023-10-22,U,288942,219804,508746
8330,2023-10-23,W,555068,379650,934718
8331,2023-10-24,W,598773,434867,1033640
8332,2023-10-25,W,570560,426962,997522
8333,2023-10-26,W,535013,412606,947619
8334,2023-10-27,W,503840,373004,876844
8335,2023-10-28,A,360484,275006,635490
8336,2023-10-29,U,250473,185823,436296
8337,2023-10-30,W,551840,367453,919293
8338,2023-10-31,W,520069,390110,910179
8339,2023-11-01,W,576336,410084,986420
8340,2023-11-02,W,579094,419780,998874
8341,2023-11-03,W,563943,373412,937355
8342,2023-11-04,A,401704,280222,681926
8343,2023-11-05,U,296526,200577,497103
8344,2023-11-06,W,568672,375471,944143
8345,2023-11-07,W,588549,424318,1012867
8346,2023-11-08,W,578329,422082,1000411
8347,2023-11-09,W,588110,454074,1042184
8348,2023-11-10,W,461731,351382,813113
8349,2023-11-11,A,354671,266284,620955
8350,2023-11-12,U,294251,195035,489286
8351,2023-11-13,W,558320,370511,928831
8352,2023-11-14,W,581009,424128,1005137
8353,2023-11-15,W,587609,422609,1010218
8354,2023-11-16,W,580758,415406,996164
8355,2023-11-17,W,544624,418827,963451
8356,2023-11-18,A,348044,315864,663908
8357,2023-11-19,U,278346,201431,479777
8358,2023-11-20,W,472022,334103,806125
8359,2023-11-21,W,465329,339605,804934
8360,2023-11-22,W,443954,298121,742075
8361,2023-11-23,U,187931,128326,316257
8362,2023-11-24,W,323157,227199,550356
8363,2023-11-25,A,310164,213175,523339
8364,2023-11-26,U,219912,160320,380232
8365,2023-11-27,W,505729,325992,831721
8366,2023-11-28,W,522935,368618,891553
8367,2023-11-29,W,553418,387126,940544
8368,2023-11-30,W,559855,396342,956197
8369,2023-12-01,W,513523,339748,853271
8370,2023-12-02,A,358919,260456,619375
8371,2023-12-03,U,268845,172945,441790
8372,2023-12-04,W,537917,337666,875583
8373,2023-12-05,W,556584,384481,941065
8374,2023-12-06,W,572732,389802,962534
8375,2023-12-07,W,580504,404303,984807
8376,2023-12-08,W,561665,372605,934270
8377,2023-12-09,A,369433,283097,652530
8378,2023-12-10,U,264202,196318,460520
8379,2023-12-11,W,517482,326238,843720
8380,2023-12-12,W,556451,378617,935068
8381,2023-12-13,W,559461,378896,938357
8382,2023-12-14,W,558905,384778,943683
8383,2023-12-15,W,535654,351722,887376
8384,2023-12-16,A,321951,230799,552750
8385,2023-12-17,U,271335,184885,456220
8386,2023-12-18,W,498940,306545,805485
8387,2023-12-19,W,527927,342290,870217
8388,2023-12-20,W,540890,343581,884471
8389,2023-12-21,W,519383,325377,844760
8390,2023-12-22,W,418720,267301,686021
8391,2023-12-23,A,341975,206358,548333
8392,2023-12-24,U,247277,141693,388970
8393,2023-12-25,U,145433,80206,225639
8394,2023-12-26,W,360458,208665,569123
8395,2023-12-27,W,403147,252136,655283
8396,2023-12-28,W,392855,253397,646252
8397,2023-12-29,W,415822,261610,677432
8398,2023-12-30,A,340207,212901,553108
8399,2023-12-31,U,250204,187144,437348
8400,2024-01-01,U,205964,152767,358731
8401,2024-01-02,W,417384,278216,695600
8402,2024-01-03,W,451613,307037,758650
8403,2024-01-04,W,460277,317437,777714
8404,2024-01-05,W,445488,280897,726385
8405,2024-01-06,A,308872,196983,505855
8406,2024-01-07,U,249187,152158,401345
8407,2024-01-08,W,517198,326817,844015
8408,2024-01-09,W,478685,330005,808690
8409,2024-01-10,W,548560,369768,918328
8410,2024-01-11,W,552911,377922,930833
8411,2024-01-12,W,368347,239249,607596
8412,2024-01-13,A,286037,183824,469861
8413,2024-01-14,U,146724,93057,239781
8414,2024-01-15,W,206791,127069,333860
8415,2024-01-16,W,280514,185903,466417
8416,2024-01-17,W,466850,322741,789591
8417,2024-01-18,W,521058,362414,883472
8418,2024-01-19,W,462986,293650,756636
8419,2024-01-20,A,301556,191705,493261
8420,2024-01-21,U,227288,147028,374316
8421,2024-01-22,W,518106,336751,854857
8422,2024-01-23,W,521585,369664,891249
8423,2024-01-24,W,549204,389714,938918
8424,2024-01-25,W,554313,390971,945284
8425,2024-01-26,W,534739,329826,864565
8426,2024-01-27,A,349068,222033,571101
8427,2024-01-28,U,255458,158081,413539
8428,2024-01-29,W,545769,340556,886325
8429,2024-01-30,W,571297,388718,960015
8430,2024-01-31,W,579236,389322,968558
8431,2024-02-01,W,601932,393012,994944
8432,2024-02-02,W,558905,329307,888212
8433,2024-02-03,A,372165,230410,602575
8434,2024-02-04,U,274654,168339,442993
8435,2024-02-05,W,558625,339256,897881
8436,2024-02-06,W,595983,390513,986496
8437,2024-02-07,W,595233,389227,984460
8438,2024-02-08,W,584729,391355,976084
8439,2024-02-09,W,515769,333453,849222
8440,2024-02-10,A,373420,231891,605311
8441,2024-02-11,U,277432,165836,443268
8442,2024-02-12,W,534181,325070,859251
8443,2024-02-13,W,598961,395880,994841
8444,2024-02-14,W,595347,397294,992641
8445,2024-02-15,W,568392,387472,955864
8446,2024-02-16,W,533701,325332,859033
8447,2024-02-17,A,340993,224306,565299
8448,2024-02-18,U,280002,189881,469883
8449,2024-02-19,W,417871,271357,689228
8450,2024-02-20,W,591252,389327,980579
8451,2024-02-21,W,600241,395915,996156
8452,2024-02-22,W,587867,396466,984333
8453,2024-02-23,W,551392,336416,887808
8454,2024-02-24,A,345189,225233,570422
8455,2024-02-25,U,280214,175446,455660
8456,2024-02-26,W,560355,347691,908046
8457,2024-02-27,W,587359,392420,979779
8458,2024-02-28,W,549028,375242,924270
8459,2024-02-29,W,577283,386672,963955
8460,2024-03-01,W,569569,335736,905305
8461,2024-03-02,A,389713,252550,642263
8462,2024-03-03,U,298601,184885,483486
8463,2024-03-04,W,556051,334107,890158
8464,2024-03-05,W,570139,383689,953828
8465,2024-03-06,W,595103,393574,988677
8466,2024-03-07,W,580398,390865,971263
8467,2024-03-08,W,488443,314783,803226
8468,2024-03-09,A,379680,245369,625049
8469,2024-03-10,U,280181,178611,458792
8470,2024-03-11,W,567851,351801,919652
8471,2024-03-12,W,599389,411314,1010703
8472,2024-03-13,W,597287,416180,1013467
8473,2024-03-14,W,539322,393348,932670
8474,2024-03-15,W,566639,386514,953153
8475,2024-03-16,A,399006,499424,898430
8476,2024-03-17,U,281004,206731,487735
8477,2024-03-18,W,535201,346463,881664
8478,2024-03-19,W,583292,396834,980126
8479,2024-03-20,W,584856,392077,976933
8480,2024-03-21,W,564484,383735,948219
8481,2024-03-22,W,491011,318712,809723
8482,2024-03-23,A,373194,249326,622520
8483,2024-03-24,U,279349,206108,485457
8484,2024-03-25,W,474355,319635,793990
8485,2024-03-26,W,514563,359360,873923
8486,2024-03-27,W,515194,364672,879866
8487,2024-03-28,W,513043,374590,887633
8488,2024-03-29,W,480044,313507,793551
8489,2024-03-30,A,375490,244072,619562
8490,2024-03-31,U,251600,158867,410467
8491,2024-04-01,W,478962,333881,812843
8492,2024-04-02,W,570490,393519,964009
8493,2024-04-03,W,572710,395413,968123
8494,2024-04-04,W,575373,401414,976787
8495,2024-04-05,W,576732,375602,952334
8496,2024-04-06,A,397658,286304,683962
8497,2024-04-07,U,256839,185460,442299
8498,2024-04-08,W,560623,352426,913049
8499,2024-04-09,W,593688,400628,994316
8500,2024-04-10,W,604655,405524,1010179
8501,2024-04-11,W,557100,397195,954295
8502,2024-04-12,W,582983,365492,948475
8503,2024-04-13,A,412391,281343,693734
8504,2024-04-14,U,327938,210780,538718
8505,2024-04-15,W,588349,369259,957608
8506,2024-04-16,W,599597,405400,1004997
8507,2024-04-17,W,600084,408474,1008558
8508,2024-04-18,W,606325,417750,1024075
8509,2024-04-19,W,591814,383321,975135
8510,2024-04-20,A,406861,279746,686607
8511,2024-04-21,U,307107,203722,510829
8512,2024-04-22,W,576206,353190,929396
8513,2024-04-23,W,600004,410045,1010049
8514,2024-04-24,W,599179,416815,1015994
8515,2024-04-25,W,615343,428724,1044067
8516,2024-04-26,W,554146,355278,909424
8517,2024-04-27,A,419731,286199,705930
8518,2024-04-28,U,293589,196481,490070
8519,2024-04-29,W,556233,349857,906090
8520,2024-04-30,W,632501,409097,1041598
8521,2024-05-01,W,644438,416920,1061358
8522,2024-05-02,W,600203,409105,1009308
8523,2024-05-03,W,608085,388593,996678
8524,2024-05-04,A,418067,299808,717875
8525,2024-05-05,U,317248,226928,544176
8526,2024-05-06,W,597540,379559,977099
8527,2024-05-07,W,572181,412646,984827
8528,2024-05-08,W,624927,443868,1068795
8529,2024-05-09,W,569230,406557,975787
8530,2024-05-10,W,591810,378284,970094
8531,2024-05-11,A,416481,273276,689757
8532,2024-05-12,U,318883,203067,521950
8533,2024-05-13,W,550608,349237,899845
8534,2024-05-14,W,598482,410254,1008736
8535,2024-05-15,W,615430,419635,1035065
8536,2024-05-16,W,601542,434466,1036008
8537,2024-05-17,W,595193,402254,997447
8538,2024-05-18,A,430341,315833,746174
8539,2024-05-19,U,329129,250996,580125
8540,2024-05-20,W,561715,366053,927768
8541,2024-05-21,W,618559,443937,1062496
8542,2024-05-22,W,621123,450124,1071247
8543,2024-05-23,W,609570,457738,1067308
8544,2024-05-24,W,557209,368883,926092
8545,2024-05-25,A,420064,342285,762349
8546,2024-05-26,U,279820,220267,500087
8547,2024-05-27,U,306648,205186,511834
8548,2024-05-28,W,585174,396139,981313
8549,2024-05-29,W,612055,423439,1035494
8550,2024-05-30,W,604848,424200,1029048
8551,2024-05-31,W,590998,410904,1001902
8552,2024-06-01,A,359226,257545,616771
8553,2024-06-02,U,347275,256837,604112
8554,2024-06-03,W,594326,377947,972273
8555,2024-06-04,W,602909,443126,1046035
8556,2024-06-05,W,602717,450039,1052756
8557,2024-06-06,W,606273,440625,1046898
8558,2024-06-07,W,538174,384835,923009
8559,2024-06-08,A,388074,295372,683446
8560,2024-06-09,U,338317,265680,603997
8561,2024-06-10,W,521105,360674,881779
8562,2024-06-11,W,556731,415884,972615
8563,2024-06-12,W,576142,423834,999976
8564,2024-06-13,W,541343,414773,956116
8565,2024-06-14,W,536639,412548,949187
8566,2024-06-15,A,421892,329557,751449
8567,2024-06-16,U,314305,239123,553428
8568,2024-06-17,W,500089,363300,863389
8569,2024-06-18,W,551782,426829,978611
8570,2024-06-19,W,482860,349203,832063
8571,2024-06-20,W,548449,411020,959469
8572,2024-06-21,W,539303,406032,945335
8573,2024-06-22,A,430009,334791,764800
8574,2024-06-23,U,333514,259057,592571
8575,2024-06-24,W,535003,366575,901578
8576,2024-06-25,W,537591,390929,928520
8577,2024-06-26,W,586929,426272,1013201
8578,2024-06-27,W,573982,434454,1008436
8579,2024-06-28,W,519127,372226,891353
8580,2024-06-29,A,426204,296659,722863
8581,2024-06-30,U,332479,322925,655404
8582,2024-07-01,W,556122,362056,918178
8583,2024-07-02,W,554430,411251,965681
8584,2024-07-03,W,575361,404738,980099
8585,2024-07-04,U,319593,237409,557002
8586,2024-07-05,W,472097,346546,818643
8587,2024-07-06,A,400805,322596,723401
8588,2024-07-07,U,304485,241639,546124
8589,2024-07-08,W,523371,364702,888073
8590,2024-07-09,W,543503,400891,944394
8591,2024-07-10,W,560627,409640,970267
8592,2024-07-11,W,569850,418692,988542
8593,2024-07-12,W,548479,381120,929599
8594,2024-07-13,A,424138,300881,725019
8595,2024-07-14,U,303034,217483,520517
8596,2024-07-15,W,514909,360359,875268
8597,2024-07-16,W,565584,408295,973879
8598,2024-07-17,W,579034,417491,996525
8599,2024-07-18,W,563700,423510,987210
8600,2024-07-19,W,536479,407254,943733
8601,2024-07-20,A,415213,336971,752184
8602,2024-07-21,U,336062,262703,598765
8603,2024-07-22,W,536657,384948,921605
8604,2024-07-23,W,563934,431681,995615
8605,2024-07-24,W,574946,434300,1009246
8606,2024-07-25,W,571492,427841,999333
8607,2024-07-26,W,543502,393133,936635
8608,2024-07-27,A,426551,328573,755124
8609,2024-07-28,U,305854,225835,531689
8610,2024-07-29,W,499487,347579,847066
8611,2024-07-30,W,564465,418450,982915
8612,2024-07-31,W,553120,451191,1004311
8613,2024-08-01,W,554928,506493,1061421
8614,2024-08-02,W,540073,474521,1014594
8615,2024-08-03,A,424966,401995,826961
8616,2024-08-04,U,330850,304125,634975
8617,2024-08-05,W,501014,373023,874037
8618,2024-08-06,W,536195,418245,954440
8619,2024-08-07,W,572289,435129,1007418
8620,2024-08-08,W,555177,415675,970852
8621,2024-08-09,W,534634,407471,942105
8622,2024-08-10,A,429880,355517,785397
8623,2024-08-11,U,335905,277892,613797
8624,2024-08-12,W,511004,367635,878639
8625,2024-08-13,W,561949,432482,994431
8626,2024-08-14,W,566338,414324,980662
8627,2024-08-15,W,519903,391361,911264
8628,2024-08-16,W,526888,392699,919587
8629,2024-08-17,A,388616,312275,700891
8630,2024-08-18,U,319383,253295,572678
8631,2024-08-19,W,498548,335708,834256
8632,2024-08-20,W,521241,361335,882576
8633,2024-08-21,W,528372,364450,892822
8634,2024-08-22,W,529364,377301,906665
8635,2024-08-23,W,519640,368235,887875
8636,2024-08-24,A,404561,296195,700756
8637,2024-08-25,U,325668,239814,565482
8638,2024-08-26,W,596306,376308,972614
8639,2024-08-27,W,583649,409119,992768
8640,2024-08-28,W,637588,442189,1079777
8641,2024-08-29,W,644581,469123,1113704
8642,2024-08-30,W,606824,417283,1024107
8643,2024-08-31,A,428266,353476,781742
8644,2024-09-01,U,344967,290763,635730
8645,2024-09-02,U,325776,239695,565471
8646,2024-09-03,W,654167,437190,1091357
8647,2024-09-04,W,653220,454140,1107360
8648,2024-09-05,W,644748,447217,1091965
8649,2024-09-06,W,616701,434618,1051319
8650,2024-09-07,A,409867,335343,745210
8651,2024-09-08,U,320438,267262,587700
8652,2024-09-09,W,618371,405350,1023721
8653,2024-09-10,W,646216,451939,1098155
8654,2024-09-11,W,655564,452664,1108228
8655,2024-09-12,W,637736,454382,1092118
8656,2024-09-13,W,610703,407861,1018564
8657,2024-09-14,A,412078,324266,736344
8658,2024-09-15,U,308413,257266,565679
8659,2024-09-16,W,607976,412568,1020544
8660,2024-09-17,W,651158,466890,1118048
8661,2024-09-18,W,655614,467380,1122994
8662,2024-09-19,W,652616,478448,1131064
8663,2024-09-20,W,622603,444850,1067453
8664,2024-09-21,A,433756,343362,777118
8665,2024-09-22,U,271129,219586,490715
8666,2024-09-23,W,613582,407176,1020758
8667,2024-09-24,W,582939,434551,1017490
8668,2024-09-25,W,669879,472330,1142209
8669,2024-09-26,W,659106,474890,1133996
8670,2024-09-27,W,564419,418093,982512
8671,2024-09-28,A,384642,312755,697397
8672,2024-09-29,U,312714,246922,559636
8673,2024-09-30,W,619994,406220,1026214
8674,2024-10-01,W,675858,457355,1133213
8675,2024-10-02,W,663546,452173,1115719
8676,2024-10-03,W,670461,454449,1124910
8677,2024-10-04,W,619444,409598,1029042
8678,2024-10-05,A,431370,318359,749729
8679,2024-10-06,U,336190,248486,584676
8680,2024-10-07,W,623133,406230,1029363
8681,2024-10-08,W,652969,459661,1112630
8682,2024-10-09,W,661361,467517,1128878
8683,2024-10-10,W,650278,485221,1135499
8684,2024-10-11,W,624145,456909,1081054
8685,2024-10-12,A,427732,369877,797609
8686,2024-10-13,U,280965,466771,747736
8687,2024-10-14,W,486971,384342,871313
8688,2024-10-15,W,582685,444249,1026934
8689,2024-10-16,W,652964,462121,1115085
8690,2024-10-17,W,650082,466090,1116172
8691,2024-10-18,W,627426,413404,1040830
8692,2024-10-19,A,425987,354109,780096
8693,2024-10-20,U,321239,239392,560631
8694,2024-10-21,W,619582,403752,1023334
8695,2024-10-22,W,642373,451887,1094260
8696,2024-10-23,W,653689,461471,1115160
8697,2024-10-24,W,654696,465121,1119817
8698,2024-10-25,W,611655,408835,1020490
8699,2024-10-26,A,427475,296326,723801
8700,2024-10-27,U,312965,215594,528559
8701,2024-10-28,W,611041,389359,1000400
8702,2024-10-29,W,652674,444706,1097380
8703,2024-10-30,W,657942,451915,1109857
8704,2024-10-31,W,605292,425596,1030888
8705,2024-11-01,W,618998,381782,1000780
8706,2024-11-02,A,410559,281277,691836
8707,2024-11-03,U,267845,227887,495732
8708,2024-11-04,W,553515,383217,936732
8709,2024-11-05,W,519574,379110,898684
8710,2024-11-06,W,631969,427995,1059964
8711,2024-11-07,W,644506,450680,1095186
8712,2024-11-08,W,601808,396291,998099
8713,2024-11-09,A,391070,288855,679925
8714,2024-11-10,U,306889,232420,539309
8715,2024-11-11,W,556273,358572,914845
8716,2024-11-12,W,640199,437888,1078087
8717,2024-11-13,W,633647,434362,1068009
8718,2024-11-14,W,620448,439564,1060012
8719,2024-11-15,W,603141,397040,1000181
8720,2024-11-16,A,399551,316374,715925
8721,2024-11-17,U,308995,233733,542728
8722,2024-11-18,W,565097,383053,948150
8723,2024-11-19,W,639269,439683,1078952
8724,2024-11-20,W,625498,428958,1054456
8725,2024-11-21,W,539977,414493,954470
8726,2024-11-22,W,583958,431451,1015409
8727,2024-11-23,A,384030,340935,724965
8728,2024-11-24,U,301518,222021,523539
8729,2024-11-25,W,512387,344627,857014
8730,2024-11-26,W,518470,356826,875296
8731,2024-11-27,W,477247,308919,786166
8732,2024-11-28,U,190991,132382,323373
8733,2024-11-29,W,344005,224635,568640
8734,2024-11-30,A,308864,217565,526429
8735,2024-12-01,U,251107,175212,426319
8736,2024-12-02,W,554092,349175,903267
8737,2024-12-03,W,607733,405908,1013641
8738,2024-12-04,W,600576,411039,1011615
8739,2024-12-05,W,564481,401576,966057
8740,2024-12-06,W,559457,371522,930979
8741,2024-12-07,A,384908,286352,671260
8742,2024-12-08,U,310160,216292,526452
8743,2024-12-09,W,585535,364276,949811
8744,2024-12-10,W,597740,406353,1004093
8745,2024-12-11,W,580091,398016,978107
8746,2024-12-12,W,481459,350852,832311
8747,2024-12-13,W,521773,360766,882539
8748,2024-12-14,A,347954,262799,610753
8749,2024-12-15,U,277186,198006,475192
8750,2024-12-16,W,551435,342529,893964
8751,2024-12-17,W,582711,391307,974018
8752,2024-12-18,W,577854,382314,960168
8753,2024-12-19,W,552524,373795,926319
8754,2024-12-20,W,509530,326711,836241
8755,2024-12-21,A,346988,234439,581427
8756,2024-12-22,U,271433,188272,459705
8757,2024-12-23,W,425982,267754,693736
8758,2024-12-24,W,341225,181487,522712
8759,2024-12-25,U,146592,86287,232879
8760,2024-12-26,W,366721,225335,592056
8761,2024-12-27,W,394689,245475,640164
8762,2024-12-28,A,348599,222891,571490
8763,2024-12-29,U,231003,158657,389660
8764,2024-12-30,W,447644,285475,733119
8765,2024-12-31,W,386206,281447,667653
8766,2025-01-01,U,225009,190989,415998
8767,2025-01-02,W,422094,279791,701885
8768,2025-01-03,W,431350,283675,715025
8769,2025-01-04,A,313164,211604,524768
8770,2025-01-05,U,239450,153014,392464
8771,2025-01-06,W,480075,318068,798143
8772,2025-01-07,W,539070,371290,910360
8773,2025-01-08,W,544855,373118,917973
8774,2025-01-09,W,550177,368934,919111
8775,2025-01-10,W,494608,312132,806740
8776,2025-01-11,A,341087,226653,567740
8777,2025-01-12,U,247097,163835,410932
8778,2025-01-13,W,520841,342573,863414
8779,2025-01-14,W,535915,381845,917760
8780,2025-01-15,W,548773,379995,928768
8781,2025-01-16,W,580058,395025,975083
8782,2025-01-17,W,566655,350717,917372
8783,2025-01-18,A,352875,235950,588825
8784,2025-01-19,U,220064,146185,366249
8785,2025-01-20,W,255814,164914,420728
8786,2025-01-21,W,294363,209433,503796
8787,2025-01-22,W,502247,348428,850675
8788,2025-01-23,W,560708,380982,941690
8789,2025-01-24,W,517992,316577,834569
8790,2025-01-25,A,353449,229265,582714
8791,2025-01-26,U,263357,167555,430912
8792,2025-01-27,W,557840,346652,904492
8793,2025-01-28,W,600629,398829,999458
8794,2025-01-29,W,600988,399561,1000549
8795,2025-01-30,W,597148,395576,992724
8796,2025-01-31,W,504505,309032,813537
8797,2025-02-01,A,375592,231851,607443
8798,2025-02-02,U,276799,172094,448893
8799,2025-02-03,W,561089,344871,905960
8800,2025-02-04,W,601920,397482,999402
8801,2025-02-05,W,588472,392240,980712
8802,2025-02-06,W,565576,380737,946313
8803,2025-02-07,W,568753,334477,903230
8804,2025-02-08,A,354675,225361,580036
8805,2025-02-09,U,283740,178617,462357
8806,2025-02-10,W,566314,340368,906682
8807,2025-02-11,W,602680,394158,996838
8808,2025-02-12,W,495987,323871,819858
8809,2025-02-13,W,561666,377046,938712
8810,2025-02-14,W,530108,327173,857281
8811,2025-02-15,A,354572,234600,589172
8812,2025-02-16,U,276210,177108,453318
8813,2025-02-17,W,368849,239262,608111
8814,2025-02-18,W,492897,326560,819457
8815,2025-02-19,W,550895,364221,915116
8816,2025-02-20,W,574080,380904,954984
8817,2025-02-21,W,553951,328596,882547
8818,2025-02-22,A,370787,234375,605162
8819,2025-02-23,U,281484,174047,455531
8820,2025-02-24,W,578860,353291,932151
8821,2025-02-25,W,575346,396347,971693
8822,2025-02-26,W,609866,397146,1007012
8823,2025-02-27,W,613402,402457,1015859
8824,2025-02-28,W,590955,352148,943103
8825,2025-03-01,A,380591,240413,621004
8826,2025-03-02,U,291627,180050,471677
8827,2025-03-03,W,578006,345594,923600
8828,2025-03-04,W,580293,390147,970440
8829,2025-03-05,W,603951,397881,1001832
8830,2025-03-06,W,619806,404819,1024625
8831,2025-03-07,W,555241,335864,891105
8832,2025-03-08,A,398766,258254,657020
8833,2025-03-09,U,302103,192874,494977
8834,2025-03-10,W,593786,371554,965340
8835,2025-03-11,W,626067,418826,1044893
8836,2025-03-12,W,633486,421745,1055231
8837,2025-03-13,W,632710,433941,1066651
8838,2025-03-14,W,610031,416441,1026472
8839,2025-03-15,A,419140,569090,988230
8840,2025-03-16,U,273811,212415,486226
8841,2025-03-17,W,592276,388387,980663
8842,2025-03-18,W,631010,433816,1064826
8843,2025-03-19,W,586106,410146,996252
8844,2025-03-20,W,597866,410831,1008697
8845,2025-03-21,W,586769,365803,952572
8846,2025-03-22,A,392188,269950,662138
8847,2025-03-23,U,273302,209303,482605
8848,2025-03-24,W,491872,320551,812423
8849,2025-03-25,W,537207,371997,909204
8850,2025-03-26,W,545509,373308,918817
8851,2025-03-27,W,523815,375538,899353
8852,2025-03-28,W,512649,339773,852422
8853,2025-03-29,A,387569,265050,652619
8854,2025-03-30,U,285253,189181,474434
8855,2025-03-31,W,522245,355008,877253
8856,2025-04-01,W,600564,408193,1008757
8857,2025-04-02,W,524319,376485,900804
8858,2025-04-03,W,660304,438577,1098881
8859,2025-04-04,W,604237,399136,1003373
8860,2025-04-05,A,411217,329910,741127
8861,2025-04-06,U,320063,229137,549200
8862,2025-04-07,W,577558,376220,953778
8863,2025-04-08,W,612600,431129,1043729
8864,2025-04-09,W,613773,423298,1037071
8865,2025-04-10,W,621071,426285,1047356
8866,2025-04-11,W,607742,388639,996381
8867,2025-04-12,A,417636,295686,713322
8868,2025-04-13,U,322033,227473,549506
8869,2025-04-14,W,601239,382752,983991
8870,2025-04-15,W,628715,431442,1060157
8871,2025-04-16,W,647017,439567,1086584
8872,2025-04-17,W,618797,438225,1057022
8873,2025-04-18,W,530317,379633,909950
8874,2025-04-19,A,398189,291288,689477
8875,2025-04-20,U,276828,192934,469762
8876,2025-04-21,W,563978,361549,925527
8877,2025-04-22,W,635896,449995,1085891
8878,2025-04-23,W,620545,448723,1069268
8879,2025-04-24,W,653241,448572,1101813
8880,2025-04-25,W,580882,400327,981209
8881,2025-04-26,A,428587,317347,745934
8882,2025-04-27,U,329874,245932,575806
8883,2025-04-28,W,604201,393731,997932
8884,2025-04-29,W,638090,439903,1077993
8885,2025-04-30,W,632346,435347,1067693
8886,2025-05-01,W,614811,437225,1052036
8887,2025-05-02,W,607226,387749,994975
8888,2025-05-03,A,420608,290233,710841
8889,2025-05-04,U,303496,206686,510182
8890,2025-05-05,W,589882,399546,989428
8891,2025-05-06,W,643704,461004,1104708
8892,2025-05-07,W,637290,458714,1096004
8893,2025-05-08,W,624984,445646,1070630
8894,2025-05-09,W,604932,396963,1001895
8895,2025-05-10,A,420315,296008,716323
8896,2025-05-11,U,314094,218681,532775
8897,2025-05-12,W,573953,389496,963449
8898,2025-05-13,W,620509,449177,1069686
8899,2025-05-14,W,629950,458800,1088750
8900,2025-05-15,W,616122,445308,1061430
8901,2025-05-16,W,592484,436029,1028513
8902,2025-05-17,A,414456,343401,757857
8903,2025-05-18,U,335172,284891,620063
8904,2025-05-19,W,573428,390230,963658
8905,2025-05-20,W,553818,404774,958592
8906,2025-05-21,W,599362,425319,1024681
8907,2025-05-22,W,608486,447897,1056383
8908,2025-05-23,W,586037,396204,982241
8909,2025-05-24,A,410761,342808,753569
8910,2025-05-25,U,331906,272960,604866
8911,2025-05-26,U,320282,242292,562574
8912,2025-05-27,W,593862,422731,1016593
8913,2025-05-28,W,587320,433959,1021279
8914,2025-05-29,W,615721,440293,1056014
8915,2025-05-30,W,591406,415802,1007208
8916,2025-05-31,A,421327,334489,755816
8917,2025-06-01,U,322578,268696,591274
8918,2025-06-02,W,584625,397717,982342
8919,2025-06-03,W,630210,448413,1078623
8920,2025-06-04,W,567567,422523,990090
8921,2025-06-05,W,621275,456561,1077836
8922,2025-06-06,W,585906,427847,1013753
8923,2025-06-07,A,431202,347676,778878
8924,2025-06-08,U,330390,266245,596635
8925,2025-06-09,W,563488,394008,957496
8926,2025-06-10,W,598056,460364,1058420
8927,2025-06-11,W,615905,457654,1073559
8928,2025-06-12,W,597722,483910,1081632
8929,2025-06-13,W,524099,424996,949095
8930,2025-06-14,A,410694,435787,846481
8931,2025-06-15,U,328845,273439,602284
8932,2025-06-16,W,527665,378666,906331
8933,2025-06-17,W,570086,464308,1034394
8934,2025-06-18,W,517630,417493,935123
8935,2025-06-19,W,494295,389226,883521
8936,2025-06-20,W,538237,427618,965855
8937,2025-06-21,A,413637,354634,768271
8938,2025-06-22,U,313881,266745,580626
8939,2025-06-23,W,503644,371307,874951
8940,2025-06-24,W,551167,423488,974655
8941,2025-06-25,W,571409,444413,1015822
8942,2025-06-26,W,561301,471300,1032601
8943,2025-06-27,W,543140,416639,959779
8944,2025-06-28,A,427366,337560,764926
8945,2025-06-29,U,316118,323242,639360
8946,2025-06-30,W,534839,376363,911202
8947,2025-07-01,W,602025,451361,1053386
8948,2025-07-02,W,578603,438612,1017215
8949,2025-07-03,W,553468,425260,978728
8950,2025-07-04,U,316641,277046,593687
8951,2025-07-05,A,371741,332533,704274
8952,2025-07-06,U,294228,264632,558860
8953,2025-07-07,W,539247,392503,931750
8954,2025-07-08,W,564820,436204,1001024
8955,2025-07-09,W,577539,439416,1016955
8956,2025-07-10,W,583325,447221,1030546
8957,2025-07-11,W,526443,400995,927438
8958,2025-07-12,A,422226,330530,752756
8959,2025-07-13,U,334662,261931,596593
8960,2025-07-14,W,544793,384117,928910
8961,2025-07-15,W,579537,439047,1018584
8962,2025-07-16,W,562232,432866,995098
8963,2025-07-17,W,573201,460177,1033378
8964,2025-07-18,W,559448,460345,1019793
8965,2025-07-19,A,394966,354215,749181
8966,2025-07-20,U,328751,293401,622152
8967,2025-07-21,W,518203,421916,940119
8968,2025-07-22,W,581470,479560,1061030
8969,2025-07-23,W,569940,467479,1037419
8970,2025-07-24,W,527958,425053,953011
8971,2025-07-25,W,509522,409303,918825
8972,2025-07-26,A,397737,363680,761417
8973,2025-07-27,U,326681,279111,605792
8974,2025-07-28,W,506057,379574,885631
8975,2025-07-29,W,557055,446674,1003729
8976,2025-07-30,W,537534,466281,1003815
8977,2025-07-31,W,567414,542673,1110087
8978,2025-08-01,W,579918,531060,1110978
8979,2025-08-02,A,440679,454540,895219
8980,2025-08-03,U,347538,369850,717388
8981,2025-08-04,W,549549,435744,985293
8982,2025-08-05,W,585862,472919,1058781
8983,2025-08-06,W,585476,470977,1056453
8984,2025-08-07,W,580914,454251,1035165
8985,2025-08-08,W,548414,417744,966158
8986,2025-08-09,A,425825,341354,767179
8987,2025-08-10,U,338295,274110,612405
8988,2025-08-11,W,532546,388290,920836
8989,2025-08-12,W,526488,417628,944116
8990,2025-08-13,W,592948,445008,1037956
8991,2025-08-14,W,584878,442877,1027755
8992,2025-08-15,W,559089,451082,1010171
8993,2025-08-16,A,413454,376304,789758
8994,2025-08-17,U,344058,310718,654776
8995,2025-08-18,W,524954,401101,926055
8996,2025-08-19,W,610398,471272,1081670
8997,2025-08-20,W,630143,472073,1102216
8998,2025-08-21,W,628924,481244,1110168
8999,2025-08-22,W,596734,415337,1012071
9000,2025-08-23,A,427579,332193,759772
9001,2025-08-24,U,335939,264740,600679
9002,2025-08-25,W,609351,406937,1016288
9003,2025-08-26,W,645971,465834,1111805
9004,2025-08-27,W,653421,473422,1126843
9005,2025-08-28,W,642222,520735,1162957
9006,2025-08-29,W,630115,476265,1106380
9007,2025-08-30,A,432214,391010,823224
9008,2025-08-31,U,360093,343458,703551
9009,2025-09-01,U,344866,293766,638632
9010,2025-09-02,W,650054,470795,1120849
9011,2025-09-03,W,658938,472114,1131052
9012,2025-09-04,W,665448,474384,1139832
9013,2025-09-05,W,629854,458538,1088392
9014,2025-09-06,A,419986,375070,795056
9015,2025-09-07,U,333061,293278,626339
9016,2025-09-08,W,617419,429504,1046923
9017,2025-09-09,W,651576,473953,1125529
9018,2025-09-10,W,657858,484323,1142181
9019,2025-09-11,W,648548,489005,1137553
9020,2025-09-12,W,620797,451758,1072555
9021,2025-09-13,A,387975,325790,713765
9022,2025-09-14,U,331118,270547,601665
9023,2025-09-15,W,616320,435277,1051597
9024,2025-09-16,W,651990,484965,1136955
9025,2025-09-17,W,662489,489466,1151955
9026,2025-09-18,W,658272,500862,1159134
9027,2025-09-19,W,622912,473083,1095995
9028,2025-09-20,A,414969,354575,769544
9029,2025-09-21,U,331250,284243,615493
9030,2025-09-22,W,613704,432361,1046065
9031,2025-09-23,W,634442,487614,1122056
9032,2025-09-24,W,660516,501545,1162061
9033,2025-09-25,W,654827,519555,1174382
9034,2025-09-26,W,580438,452496,1032934
9035,2025-09-27,A,426711,359880,786591
9036,2025-09-28,U,328502,273175,601677
9037,2025-09-29,W,600769,423348,1024117
9038,2025-09-30,W,645289,497543,1142832
9039,2025-10-01,W,673048,503729,1176777
9040,2025-10-02,W,647059,493521,1140580
9041,2025-10-03,W,628219,428582,1056801
9042,2025-10-04,A,426695,330780,757475
9043,2025-10-05,U,330030,256462,586492
9044,2025-10-06,W,599924,413206,1013130
9045,2025-10-07,W,620211,459544,1079755
9046,2025-10-08,W,659843,508974,1168817
9047,2025-10-09,W,656173,529239,1185412
9048,2025-10-10,W,619786,477092,1096878
9049,2025-10-11,A,422782,403058,825840
9050,2025-10-12,U,283480,542446,825926
9051,2025-10-13,W,487268,405396,892664
9052,2025-10-14,W,650249,487076,1137325
9053,2025-10-15,W,628961,476877,1105838
9054,2025-10-16,W,649973,492753,1142726
9055,2025-10-17,W,604836,439123,1043959
9056,2025-10-18,A,381265,446627,827892
9057,2025-10-19,U,307844,247440,555284
9058,2025-10-20,W,601831,422565,1024396
9059,2025-10-21,W,615975,466037,1082012
9060,2025-10-22,W,618604,463852,1082456
9061,2025-10-23,W,623695,474742,1098437
9062,2025-10-24,W,586550,415854,1002404
9063,2025-10-25,A,399015,284862,683877
9064,2025-10-26,U,322688,217607,540295
9065,2025-10-27,W,550654,396777,947431
9066,2025-10-28,W,638531,464085,1102616
9067,2025-10-29,W,645197,467094,1112291
9068,2025-10-30,W,645207,476146,1121353
9069,2025-10-31,W,601396,432500,1033896
9070,2025-11-01,A,390311,320419,710730
9071,2025-11-02,U,307391,255086,562477
9072,2025-11-03,W,611374,409741,1021115
9073,2025-11-04,W,633899,454710,1088609
9074,2025-11-05,W,634148,456081,1090229
9075,2025-11-06,W,625599,460723,1086322
9076,2025-11-07,W,600327,420110,1020437
9077,2025-11-08,A,377571,298153,675724
9078,2025-11-09,U,275389,215220,490609
9079,2025-11-10,W,504454,368436,872890
9080,2025-11-11,W,490521,387713,878234
9081,2025-11-12,W,627176,463700,1090876
9082,2025-11-13,W,627045,466346,1093391
9083,2025-11-14,W,593553,416539,1010092
9084,2025-11-15,A,410263,347052,757315
9085,2025-11-16,U,305961,228440,534401
9086,2025-11-17,W,585326,406383,991709
9087,2025-11-18,W,602876,454166,1057042
9088,2025-11-19,W,634281,458463,1092744
9089,2025-11-20,W,628172,457368,1085540
9090,2025-11-21,W,592327,457006,1049333
9091,2025-11-22,A,380023,356463,736486
9092,2025-11-23,U,311954,241793,553747
9093,2025-11-24,W,522561,373147,895708
9094,2025-11-25,W,527126,378692,905818
9095,2025-11-26,W,438551,301379,739930
9096,2025-11-27,U,181164,128476,309640
9097,2025-11-28,W,347522,242928,590450
9098,2025-11-29,A,249450,206685,456135
9099,2025-11-30,U,247697,185249,432946
